Date,Model,,Month,Estimated_Units_Millions
10/1/2020,iPhone 12,,1,0.751455
10/2/2020,iPhone 12,,2,0.727585
10/3/2020,iPhone 12,,3,0.776188
10/4/2020,iPhone 12,,4,0.829549
10/5/2020,iPhone 12,,5,0.698765
10/6/2020,iPhone 12,,6,0.781233
10/7/2020,iPhone 12,,7,0.768532
10/8/2020,iPhone 12,,8,0.754928
10/9/2020,iPhone 12,,9,0.744732
10/10/2020,iPhone 12,,10,0.889313
10/11/2020,iPhone 12,,11,0.840058
10/12/2020,iPhone 12,,12,0.760701
10/13/2020,iPhone 12,,13,0.863565
10/14/2020,iPhone 12,,14,0.825591
10/15/2020,iPhone 12,,15,0.837189
10/16/2020,iPhone 12,,16,0.77803
10/17/2020,iPhone 12,,17,0.89717
10/18/2020,iPhone 12,,18,0.927518
10/19/2020,iPhone 12,,19,0.820522
10/20/2020,iPhone 12,,20,0.804481
10/21/2020,iPhone 12,,21,0.829908
10/22/2020,iPhone 12,,22,0.863247
10/23/2020,iPhone 12,,23,0.854711
10/24/2020,iPhone 12,,24,0.969967
10/25/2020,iPhone 12,,25,1.017213
10/26/2020,iPhone 12,,26,0.815328
10/27/2020,iPhone 12,,27,0.855071
10/28/2020,iPhone 12,,28,0.912947
10/29/2020,iPhone 12,,29,0.864542
10/30/2020,iPhone 12,,30,0.975455
10/31/2020,iPhone 12,,31,0.967505
11/1/2020,iPhone 12,,32,0.739617
11/2/2020,iPhone 12,,33,0.62816
11/3/2020,iPhone 12,,34,0.690184
11/4/2020,iPhone 12,,35,0.720742
11/5/2020,iPhone 12,,36,0.744091
11/6/2020,iPhone 12,,37,0.718846
11/7/2020,iPhone 12,,38,0.817199
11/8/2020,iPhone 12,,39,0.812269
11/9/2020,iPhone 12,,40,0.696619
11/10/2020,iPhone 12,,41,0.752055
11/11/2020,iPhone 12,,42,0.758848
11/12/2020,iPhone 12,,43,0.818395
11/13/2020,iPhone 12,,44,0.798134
11/14/2020,iPhone 12,,45,0.853371
11/15/2020,iPhone 12,,46,0.853921
11/16/2020,iPhone 12,,47,0.792669
11/17/2020,iPhone 12,,48,0.762744
11/18/2020,iPhone 12,,49,0.781857
11/19/2020,iPhone 12,,50,0.825813
11/20/2020,iPhone 12,,51,0.837815
11/21/2020,iPhone 12,,52,0.937881
11/22/2020,iPhone 12,,53,0.924886
11/23/2020,iPhone 12,,54,0.80281
11/24/2020,iPhone 12,,55,0.833459
11/25/2020,iPhone 12,,56,0.844897
11/26/2020,iPhone 12,,57,0.895928
11/27/2020,iPhone 12,,58,0.870275
11/28/2020,iPhone 12,,59,0.929761
11/29/2020,iPhone 12,,60,0.979398
11/30/2020,iPhone 12,,61,0.847355
12/1/2020,iPhone 12,,62,0.661351
12/2/2020,iPhone 12,,63,0.660185
12/3/2020,iPhone 12,,64,0.700384
12/4/2020,iPhone 12,,65,0.677351
12/5/2020,iPhone 12,,66,0.79546
12/6/2020,iPhone 12,,67,0.777051
12/7/2020,iPhone 12,,68,0.667021
12/8/2020,iPhone 12,,69,0.698241
12/9/2020,iPhone 12,,70,0.757603
12/10/2020,iPhone 12,,71,0.724297
12/11/2020,iPhone 12,,72,0.742951
12/12/2020,iPhone 12,,73,0.771211
12/13/2020,iPhone 12,,74,0.813724
12/14/2020,iPhone 12,,75,0.684733
12/15/2020,iPhone 12,,76,0.738339
12/16/2020,iPhone 12,,77,0.728518
12/17/2020,iPhone 12,,78,0.809879
12/18/2020,iPhone 12,,79,0.780849
12/19/2020,iPhone 12,,80,0.885699
12/20/2020,iPhone 12,,81,0.839516
12/21/2020,iPhone 12,,82,0.79467
12/22/2020,iPhone 12,,83,0.847289
12/23/2020,iPhone 12,,84,0.808012
12/24/2020,iPhone 12,,85,0.833803
12/25/2020,iPhone 12,,86,0.80613
12/26/2020,iPhone 12,,87,0.932645
12/27/2020,iPhone 12,,88,0.968712
12/28/2020,iPhone 12,,89,0.804764
12/29/2020,iPhone 12,,90,0.856161
12/30/2020,iPhone 12,,91,0.828886
12/31/2020,iPhone 12,,92,0.874563
1/1/2021,iPhone 12,,93,0.356849
1/2/2021,iPhone 12,,94,0.400997
1/3/2021,iPhone 12,,95,0.399061
1/4/2021,iPhone 12,,96,0.376571
1/5/2021,iPhone 12,,97,0.379355
1/6/2021,iPhone 12,,98,0.407935
1/7/2021,iPhone 12,,99,0.405149
1/8/2021,iPhone 12,,100,0.406
1/9/2021,iPhone 12,,101,0.442753
1/10/2021,iPhone 12,,102,0.470534
1/11/2021,iPhone 12,,103,0.387822
1/12/2021,iPhone 12,,104,0.41104
1/13/2021,iPhone 12,,105,0.426591
1/14/2021,iPhone 12,,106,0.435977
1/15/2021,iPhone 12,,107,0.419221
1/16/2021,iPhone 12,,108,0.484781
1/17/2021,iPhone 12,,109,0.48457
1/18/2021,iPhone 12,,110,0.419822
1/19/2021,iPhone 12,,111,0.437096
1/20/2021,iPhone 12,,112,0.485105
1/21/2021,iPhone 12,,113,0.49499
1/22/2021,iPhone 12,,114,0.4521
1/23/2021,iPhone 12,,115,0.502169
1/24/2021,iPhone 12,,116,0.504199
1/25/2021,iPhone 12,,117,0.413422
1/26/2021,iPhone 12,,118,0.488924
1/27/2021,iPhone 12,,119,0.452669
1/28/2021,iPhone 12,,120,0.454698
1/29/2021,iPhone 12,,121,0.489704
1/30/2021,iPhone 12,,122,0.521468
1/31/2021,iPhone 12,,123,0.560429
2/1/2021,iPhone 12,,124,0.389893
2/2/2021,iPhone 12,,125,0.428632
2/3/2021,iPhone 12,,126,0.411385
2/4/2021,iPhone 12,,127,0.406158
2/5/2021,iPhone 12,,128,0.437407
2/6/2021,iPhone 12,,129,0.480701
2/7/2021,iPhone 12,,130,0.509097
2/8/2021,iPhone 12,,131,0.413897
2/9/2021,iPhone 12,,132,0.439864
2/10/2021,iPhone 12,,133,0.464011
2/11/2021,iPhone 12,,134,0.468184
2/12/2021,iPhone 12,,135,0.493131
2/13/2021,iPhone 12,,136,0.523101
2/14/2021,iPhone 12,,137,0.50994
2/15/2021,iPhone 12,,138,0.465911
2/16/2021,iPhone 12,,139,0.500733
2/17/2021,iPhone 12,,140,0.492276
2/18/2021,iPhone 12,,141,0.490569
2/19/2021,iPhone 12,,142,0.546836
2/20/2021,iPhone 12,,143,0.551401
2/21/2021,iPhone 12,,144,0.576594
2/22/2021,iPhone 12,,145,0.485365
2/23/2021,iPhone 12,,146,0.516631
2/24/2021,iPhone 12,,147,0.524621
2/25/2021,iPhone 12,,148,0.541234
2/26/2021,iPhone 12,,149,0.527611
2/27/2021,iPhone 12,,150,0.589846
2/28/2021,iPhone 12,,151,0.58697
3/1/2021,iPhone 12,,152,0.344121
3/2/2021,iPhone 12,,153,0.35434
3/3/2021,iPhone 12,,154,0.372953
3/4/2021,iPhone 12,,155,0.39847
3/5/2021,iPhone 12,,156,0.380391
3/6/2021,iPhone 12,,157,0.437033
3/7/2021,iPhone 12,,158,0.462751
3/8/2021,iPhone 12,,159,0.384212
3/9/2021,iPhone 12,,160,0.387369
3/10/2021,iPhone 12,,161,0.429266
3/11/2021,iPhone 12,,162,0.409019
3/12/2021,iPhone 12,,163,0.440809
3/13/2021,iPhone 12,,164,0.479628
3/14/2021,iPhone 12,,165,0.490745
3/15/2021,iPhone 12,,166,0.428259
3/16/2021,iPhone 12,,167,0.444628
3/17/2021,iPhone 12,,168,0.438654
3/18/2021,iPhone 12,,169,0.424413
3/19/2021,iPhone 12,,170,0.448609
3/20/2021,iPhone 12,,171,0.506412
3/21/2021,iPhone 12,,172,0.487379
3/22/2021,iPhone 12,,173,0.443035
3/23/2021,iPhone 12,,174,0.459849
3/24/2021,iPhone 12,,175,0.465749
3/25/2021,iPhone 12,,176,0.475361
3/26/2021,iPhone 12,,177,0.473596
3/27/2021,iPhone 12,,178,0.519518
3/28/2021,iPhone 12,,179,0.555629
3/29/2021,iPhone 12,,180,0.450132
3/30/2021,iPhone 12,,181,0.498848
3/31/2021,iPhone 12,,182,0.480822
4/1/2021,iPhone 12,,183,0.391986
4/2/2021,iPhone 12,,184,0.39896
4/3/2021,iPhone 12,,185,0.442682
4/4/2021,iPhone 12,,186,0.438374
4/5/2021,iPhone 12,,187,0.401157
4/6/2021,iPhone 12,,188,0.421285
4/7/2021,iPhone 12,,189,0.408359
4/8/2021,iPhone 12,,190,0.411981
4/9/2021,iPhone 12,,191,0.405705
4/10/2021,iPhone 12,,192,0.494879
4/11/2021,iPhone 12,,193,0.462254
4/12/2021,iPhone 12,,194,0.435483
4/13/2021,iPhone 12,,195,0.434723
4/14/2021,iPhone 12,,196,0.435385
4/15/2021,iPhone 12,,197,0.433634
4/16/2021,iPhone 12,,198,0.449588
4/17/2021,iPhone 12,,199,0.490353
4/18/2021,iPhone 12,,200,0.502125
4/19/2021,iPhone 12,,201,0.44759
4/20/2021,iPhone 12,,202,0.467188
4/21/2021,iPhone 12,,203,0.464007
4/22/2021,iPhone 12,,204,0.459187
4/23/2021,iPhone 12,,205,0.492577
4/24/2021,iPhone 12,,206,0.531937
4/25/2021,iPhone 12,,207,0.517076
4/26/2021,iPhone 12,,208,0.457853
4/27/2021,iPhone 12,,209,0.524419
4/28/2021,iPhone 12,,210,0.511439
4/29/2021,iPhone 12,,211,0.524689
4/30/2021,iPhone 12,,212,0.515124
5/1/2021,iPhone 12,,213,0.418913
5/2/2021,iPhone 12,,214,0.408926
5/3/2021,iPhone 12,,215,0.357521
5/4/2021,iPhone 12,,216,0.368552
5/5/2021,iPhone 12,,217,0.387584
5/6/2021,iPhone 12,,218,0.405574
5/7/2021,iPhone 12,,219,0.378575
5/8/2021,iPhone 12,,220,0.418862
5/9/2021,iPhone 12,,221,0.441504
5/10/2021,iPhone 12,,222,0.368519
5/11/2021,iPhone 12,,223,0.378595
5/12/2021,iPhone 12,,224,0.414268
5/13/2021,iPhone 12,,225,0.424881
5/14/2021,iPhone 12,,226,0.424689
5/15/2021,iPhone 12,,227,0.479552
5/16/2021,iPhone 12,,228,0.491985
5/17/2021,iPhone 12,,229,0.420495
5/18/2021,iPhone 12,,230,0.447475
5/19/2021,iPhone 12,,231,0.436455
5/20/2021,iPhone 12,,232,0.464496
5/21/2021,iPhone 12,,233,0.457048
5/22/2021,iPhone 12,,234,0.515937
5/23/2021,iPhone 12,,235,0.519369
5/24/2021,iPhone 12,,236,0.453481
5/25/2021,iPhone 12,,237,0.469221
5/26/2021,iPhone 12,,238,0.464054
5/27/2021,iPhone 12,,239,0.488422
5/28/2021,iPhone 12,,240,0.483689
5/29/2021,iPhone 12,,241,0.568799
5/30/2021,iPhone 12,,242,0.544022
5/31/2021,iPhone 12,,243,0.470536
6/1/2021,iPhone 12,,244,0.387686
6/2/2021,iPhone 12,,245,0.405615
6/3/2021,iPhone 12,,246,0.391296
6/4/2021,iPhone 12,,247,0.396811
6/5/2021,iPhone 12,,248,0.441647
6/6/2021,iPhone 12,,249,0.440126
6/7/2021,iPhone 12,,250,0.399355
6/8/2021,iPhone 12,,251,0.428613
6/9/2021,iPhone 12,,252,0.437581
6/10/2021,iPhone 12,,253,0.430727
6/11/2021,iPhone 12,,254,0.428355
6/12/2021,iPhone 12,,255,0.475319
6/13/2021,iPhone 12,,256,0.508334
6/14/2021,iPhone 12,,257,0.407397
6/15/2021,iPhone 12,,258,0.447504
6/16/2021,iPhone 12,,259,0.425416
6/17/2021,iPhone 12,,260,0.473369
6/18/2021,iPhone 12,,261,0.453853
6/19/2021,iPhone 12,,262,0.484513
6/20/2021,iPhone 12,,263,0.516269
6/21/2021,iPhone 12,,264,0.469414
6/22/2021,iPhone 12,,265,0.48232
6/23/2021,iPhone 12,,266,0.482375
6/24/2021,iPhone 12,,267,0.461121
6/25/2021,iPhone 12,,268,0.458164
6/26/2021,iPhone 12,,269,0.539477
6/27/2021,iPhone 12,,270,0.575011
6/28/2021,iPhone 12,,271,0.480432
6/29/2021,iPhone 12,,272,0.514174
6/30/2021,iPhone 12,,273,0.529725
7/1/2021,iPhone 12,,274,0.365461
7/2/2021,iPhone 12,,275,0.367158
7/3/2021,iPhone 12,,276,0.420528
7/4/2021,iPhone 12,,277,0.423273
7/5/2021,iPhone 12,,278,0.37213
7/6/2021,iPhone 12,,279,0.389304
7/7/2021,iPhone 12,,280,0.398883
7/8/2021,iPhone 12,,281,0.397363
7/9/2021,iPhone 12,,282,0.39388
7/10/2021,iPhone 12,,283,0.4834
7/11/2021,iPhone 12,,284,0.477422
7/12/2021,iPhone 12,,285,0.392618
7/13/2021,iPhone 12,,286,0.412623
7/14/2021,iPhone 12,,287,0.423382
7/15/2021,iPhone 12,,288,0.414475
7/16/2021,iPhone 12,,289,0.426702
7/17/2021,iPhone 12,,290,0.492057
7/18/2021,iPhone 12,,291,0.484891
7/19/2021,iPhone 12,,292,0.425003
7/20/2021,iPhone 12,,293,0.460309
7/21/2021,iPhone 12,,294,0.460848
7/22/2021,iPhone 12,,295,0.427001
7/23/2021,iPhone 12,,296,0.481733
7/24/2021,iPhone 12,,297,0.509126
7/25/2021,iPhone 12,,298,0.530147
7/26/2021,iPhone 12,,299,0.464469
7/27/2021,iPhone 12,,300,0.463749
7/28/2021,iPhone 12,,301,0.48549
7/29/2021,iPhone 12,,302,0.475321
7/30/2021,iPhone 12,,303,0.499887
7/31/2021,iPhone 12,,304,0.553368
8/1/2021,iPhone 12,,305,0.412539
8/2/2021,iPhone 12,,306,0.377352
8/3/2021,iPhone 12,,307,0.387828
8/4/2021,iPhone 12,,308,0.399866
8/5/2021,iPhone 12,,309,0.385076
8/6/2021,iPhone 12,,310,0.38806
8/7/2021,iPhone 12,,311,0.42776
8/8/2021,iPhone 12,,312,0.435495
8/9/2021,iPhone 12,,313,0.383361
8/10/2021,iPhone 12,,314,0.40135
8/11/2021,iPhone 12,,315,0.402014
8/12/2021,iPhone 12,,316,0.427059
8/13/2021,iPhone 12,,317,0.407686
8/14/2021,iPhone 12,,318,0.473731
8/15/2021,iPhone 12,,319,0.470587
8/16/2021,iPhone 12,,320,0.389756
8/17/2021,iPhone 12,,321,0.447925
8/18/2021,iPhone 12,,322,0.427529
8/19/2021,iPhone 12,,323,0.453457
8/20/2021,iPhone 12,,324,0.461662
8/21/2021,iPhone 12,,325,0.502251
8/22/2021,iPhone 12,,326,0.540256
8/23/2021,iPhone 12,,327,0.43477
8/24/2021,iPhone 12,,328,0.465561
8/25/2021,iPhone 12,,329,0.51262
8/26/2021,iPhone 12,,330,0.478322
8/27/2021,iPhone 12,,331,0.459575
8/28/2021,iPhone 12,,332,0.553874
8/29/2021,iPhone 12,,333,0.510226
8/30/2021,iPhone 12,,334,0.458231
8/31/2021,iPhone 12,,335,0.49622
9/1/2021,iPhone 12,,336,0.109318
9/2/2021,iPhone 12,,337,0.110395
9/3/2021,iPhone 12,,338,0.109323
9/4/2021,iPhone 12,,339,0.130017
9/5/2021,iPhone 12,,340,0.125887
9/6/2021,iPhone 12,,341,0.113305
9/7/2021,iPhone 12,,342,0.120464
9/8/2021,iPhone 12,,343,0.116202
9/9/2021,iPhone 12,,344,0.117472
9/10/2021,iPhone 12,,345,0.155057
9/11/2021,iPhone 12,,346,0.18298
9/12/2021,iPhone 12,,347,0.178477
9/13/2021,iPhone 12,,348,0.143661
9/14/2021,iPhone 12,,349,0.1655
9/15/2021,iPhone 12,,350,0.168859
9/16/2021,iPhone 12,,351,0.163891
9/17/2021,iPhone 12,,352,0.168434
9/18/2021,iPhone 12,,353,0.183626
9/19/2021,iPhone 12,,354,0.19693
9/20/2021,iPhone 12,,355,0.166595
9/21/2021,iPhone 12,,356,0.135444
9/22/2021,iPhone 12,,357,0.141455
9/23/2021,iPhone 12,,358,0.141688
9/24/2021,iPhone 12,,359,0.145622
9/25/2021,iPhone 12,,360,0.156823
9/26/2021,iPhone 12,,361,0.158164
9/27/2021,iPhone 12,,362,0.139354
9/28/2021,iPhone 12,,363,0.142741
9/29/2021,iPhone 12,,364,0.139723
9/30/2021,iPhone 12,,365,0.144594
10/1/2021,iPhone 12,,366,0.214345
10/2/2021,iPhone 12,,367,0.245675
10/3/2021,iPhone 12,,368,0.242477
10/4/2021,iPhone 12,,369,0.22409
10/5/2021,iPhone 12,,370,0.229909
10/6/2021,iPhone 12,,371,0.235063
10/7/2021,iPhone 12,,372,0.228943
10/8/2021,iPhone 12,,373,0.244953
10/9/2021,iPhone 12,,374,0.263389
10/10/2021,iPhone 12,,375,0.261249
10/11/2021,iPhone 12,,376,0.235199
10/12/2021,iPhone 12,,377,0.248461
10/13/2021,iPhone 12,,378,0.240864
10/14/2021,iPhone 12,,379,0.249751
10/15/2021,iPhone 12,,380,0.264643
10/16/2021,iPhone 12,,381,0.283133
10/17/2021,iPhone 12,,382,0.283654
10/18/2021,iPhone 12,,383,0.250828
10/19/2021,iPhone 12,,384,0.264313
10/20/2021,iPhone 12,,385,0.268239
10/21/2021,iPhone 12,,386,0.271101
10/22/2021,iPhone 12,,387,0.268986
10/23/2021,iPhone 12,,388,0.301054
10/24/2021,iPhone 12,,389,0.300029
10/25/2021,iPhone 12,,390,0.27266
10/26/2021,iPhone 12,,391,0.275627
10/27/2021,iPhone 12,,392,0.296223
10/28/2021,iPhone 12,,393,0.303159
10/29/2021,iPhone 12,,394,0.299126
10/30/2021,iPhone 12,,395,0.312284
10/31/2021,iPhone 12,,396,0.317577
11/1/2021,iPhone 12,,397,0.203763
11/2/2021,iPhone 12,,398,0.2159
11/3/2021,iPhone 12,,399,0.213473
11/4/2021,iPhone 12,,400,0.215753
11/5/2021,iPhone 12,,401,0.233377
11/6/2021,iPhone 12,,402,0.250335
11/7/2021,iPhone 12,,403,0.252763
11/8/2021,iPhone 12,,404,0.216647
11/9/2021,iPhone 12,,405,0.23559
11/10/2021,iPhone 12,,406,0.235229
11/11/2021,iPhone 12,,407,0.23922
11/12/2021,iPhone 12,,408,0.240425
11/13/2021,iPhone 12,,409,0.269326
11/14/2021,iPhone 12,,410,0.279205
11/15/2021,iPhone 12,,411,0.229089
11/16/2021,iPhone 12,,412,0.258094
11/17/2021,iPhone 12,,413,0.244675
11/18/2021,iPhone 12,,414,0.260436
11/19/2021,iPhone 12,,415,0.272098
11/20/2021,iPhone 12,,416,0.29003
11/21/2021,iPhone 12,,417,0.294791
11/22/2021,iPhone 12,,418,0.251846
11/23/2021,iPhone 12,,419,0.267898
11/24/2021,iPhone 12,,420,0.264587
11/25/2021,iPhone 12,,421,0.273999
11/26/2021,iPhone 12,,422,0.273421
11/27/2021,iPhone 12,,423,0.307589
11/28/2021,iPhone 12,,424,0.299918
11/29/2021,iPhone 12,,425,0.271878
11/30/2021,iPhone 12,,426,0.289645
12/1/2021,iPhone 12,,427,0.215451
12/2/2021,iPhone 12,,428,0.221214
12/3/2021,iPhone 12,,429,0.2159
12/4/2021,iPhone 12,,430,0.254882
12/5/2021,iPhone 12,,431,0.241747
12/6/2021,iPhone 12,,432,0.211297
12/7/2021,iPhone 12,,433,0.229974
12/8/2021,iPhone 12,,434,0.224417
12/9/2021,iPhone 12,,435,0.220184
12/10/2021,iPhone 12,,436,0.231876
12/11/2021,iPhone 12,,437,0.246363
12/12/2021,iPhone 12,,438,0.244858
12/13/2021,iPhone 12,,439,0.210534
12/14/2021,iPhone 12,,440,0.234792
12/15/2021,iPhone 12,,441,0.238542
12/16/2021,iPhone 12,,442,0.22527
12/17/2021,iPhone 12,,443,0.254408
12/18/2021,iPhone 12,,444,0.259293
12/19/2021,iPhone 12,,445,0.280999
12/20/2021,iPhone 12,,446,0.236682
12/21/2021,iPhone 12,,447,0.254745
12/22/2021,iPhone 12,,448,0.270982
12/23/2021,iPhone 12,,449,0.255705
12/24/2021,iPhone 12,,450,0.259187
12/25/2021,iPhone 12,,451,0.291262
12/26/2021,iPhone 12,,452,0.300527
12/27/2021,iPhone 12,,453,0.255557
12/28/2021,iPhone 12,,454,0.248989
12/29/2021,iPhone 12,,455,0.27307
12/30/2021,iPhone 12,,456,0.275749
12/31/2021,iPhone 12,,457,0.266541
1/1/2022,iPhone 12,,458,0.113207
1/2/2022,iPhone 12,,459,0.109766
1/3/2022,iPhone 12,,460,0.096527
1/4/2022,iPhone 12,,461,0.1086
1/5/2022,iPhone 12,,462,0.10183
1/6/2022,iPhone 12,,463,0.09955
1/7/2022,iPhone 12,,464,0.106521
1/8/2022,iPhone 12,,465,0.118993
1/9/2022,iPhone 12,,466,0.118815
1/10/2022,iPhone 12,,467,0.100334
1/11/2022,iPhone 12,,468,0.106294
1/12/2022,iPhone 12,,469,0.107554
1/13/2022,iPhone 12,,470,0.108327
1/14/2022,iPhone 12,,471,0.112456
1/15/2022,iPhone 12,,472,0.1289
1/16/2022,iPhone 12,,473,0.125279
1/17/2022,iPhone 12,,474,0.108807
1/18/2022,iPhone 12,,475,0.117565
1/19/2022,iPhone 12,,476,0.118691
1/20/2022,iPhone 12,,477,0.123113
1/21/2022,iPhone 12,,478,0.12254
1/22/2022,iPhone 12,,479,0.138297
1/23/2022,iPhone 12,,480,0.135937
1/24/2022,iPhone 12,,481,0.117047
1/25/2022,iPhone 12,,482,0.12838
1/26/2022,iPhone 12,,483,0.129225
1/27/2022,iPhone 12,,484,0.130698
1/28/2022,iPhone 12,,485,0.133724
1/29/2022,iPhone 12,,486,0.147691
1/30/2022,iPhone 12,,487,0.140058
1/31/2022,iPhone 12,,488,0.130276
2/1/2022,iPhone 12,,489,0.109201
2/2/2022,iPhone 12,,490,0.118474
2/3/2022,iPhone 12,,491,0.113889
2/4/2022,iPhone 12,,492,0.110733
2/5/2022,iPhone 12,,493,0.122232
2/6/2022,iPhone 12,,494,0.129711
2/7/2022,iPhone 12,,495,0.113296
2/8/2022,iPhone 12,,496,0.120355
2/9/2022,iPhone 12,,497,0.118312
2/10/2022,iPhone 12,,498,0.122707
2/11/2022,iPhone 12,,499,0.123783
2/12/2022,iPhone 12,,500,0.133557
2/13/2022,iPhone 12,,501,0.136471
2/14/2022,iPhone 12,,502,0.118272
2/15/2022,iPhone 12,,503,0.136095
2/16/2022,iPhone 12,,504,0.12596
2/17/2022,iPhone 12,,505,0.136477
2/18/2022,iPhone 12,,506,0.1376
2/19/2022,iPhone 12,,507,0.149078
2/20/2022,iPhone 12,,508,0.149808
2/21/2022,iPhone 12,,509,0.132171
2/22/2022,iPhone 12,,510,0.140046
2/23/2022,iPhone 12,,511,0.139925
2/24/2022,iPhone 12,,512,0.141192
2/25/2022,iPhone 12,,513,0.139596
2/26/2022,iPhone 12,,514,0.160342
2/27/2022,iPhone 12,,515,0.166362
2/28/2022,iPhone 12,,516,0.139354
3/1/2022,iPhone 12,,517,0.103837
3/2/2022,iPhone 12,,518,0.096442
3/3/2022,iPhone 12,,519,0.097744
3/4/2022,iPhone 12,,520,0.10878
3/5/2022,iPhone 12,,521,0.118089
3/6/2022,iPhone 12,,522,0.117195
3/7/2022,iPhone 12,,523,0.09847
3/8/2022,iPhone 12,,524,0.102911
3/9/2022,iPhone 12,,525,0.112535
3/10/2022,iPhone 12,,526,0.11492
3/11/2022,iPhone 12,,527,0.113477
3/12/2022,iPhone 12,,528,0.121282
3/13/2022,iPhone 12,,529,0.123675
3/14/2022,iPhone 12,,530,0.109214
3/15/2022,iPhone 12,,531,0.112765
3/16/2022,iPhone 12,,532,0.117507
3/17/2022,iPhone 12,,533,0.116025
3/18/2022,iPhone 12,,534,0.114078
3/19/2022,iPhone 12,,535,0.13159
3/20/2022,iPhone 12,,536,0.136664
3/21/2022,iPhone 12,,537,0.116329
3/22/2022,iPhone 12,,538,0.125803
3/23/2022,iPhone 12,,539,0.127415
3/24/2022,iPhone 12,,540,0.128864
3/25/2022,iPhone 12,,541,0.125743
3/26/2022,iPhone 12,,542,0.132515
3/27/2022,iPhone 12,,543,0.143585
3/28/2022,iPhone 12,,544,0.121189
3/29/2022,iPhone 12,,545,0.129026
3/30/2022,iPhone 12,,546,0.131404
3/31/2022,iPhone 12,,547,0.135928
9/1/2021,iPhone 13,,1,0.287606
9/2/2021,iPhone 13,,2,0.29183
9/3/2021,iPhone 13,,3,0.280171
9/4/2021,iPhone 13,,4,0.343082
9/5/2021,iPhone 13,,5,0.313227
9/6/2021,iPhone 13,,6,0.293451
9/7/2021,iPhone 13,,7,0.321242
9/8/2021,iPhone 13,,8,0.310788
9/9/2021,iPhone 13,,9,0.318776
9/10/2021,iPhone 13,,10,0.414302
9/11/2021,iPhone 13,,11,0.451741
9/12/2021,iPhone 13,,12,0.467863
9/13/2021,iPhone 13,,13,0.400397
9/14/2021,iPhone 13,,14,0.418568
9/15/2021,iPhone 13,,15,0.444619
9/16/2021,iPhone 13,,16,0.439871
9/17/2021,iPhone 13,,17,0.461302
9/18/2021,iPhone 13,,18,0.48098
9/19/2021,iPhone 13,,19,0.489455
9/20/2021,iPhone 13,,20,0.438109
9/21/2021,iPhone 13,,21,0.359627
9/22/2021,iPhone 13,,22,0.350591
9/23/2021,iPhone 13,,23,0.358731
9/24/2021,iPhone 13,,24,0.372028
9/25/2021,iPhone 13,,25,0.388319
9/26/2021,iPhone 13,,26,0.403044
9/27/2021,iPhone 13,,27,0.340142
9/28/2021,iPhone 13,,28,0.37183
9/29/2021,iPhone 13,,29,0.368636
9/30/2021,iPhone 13,,30,0.386673
10/1/2021,iPhone 13,,31,0.6018
10/2/2021,iPhone 13,,32,0.613533
10/3/2021,iPhone 13,,33,0.659882
10/4/2021,iPhone 13,,34,0.561438
10/5/2021,iPhone 13,,35,0.617241
10/6/2021,iPhone 13,,36,0.5795
10/7/2021,iPhone 13,,37,0.633605
10/8/2021,iPhone 13,,38,0.614615
10/9/2021,iPhone 13,,39,0.685613
10/10/2021,iPhone 13,,40,0.657138
10/11/2021,iPhone 13,,41,0.61365
10/12/2021,iPhone 13,,42,0.639969
10/13/2021,iPhone 13,,43,0.658007
10/14/2021,iPhone 13,,44,0.63506
10/15/2021,iPhone 13,,45,0.669561
10/16/2021,iPhone 13,,46,0.753861
10/17/2021,iPhone 13,,47,0.756071
10/18/2021,iPhone 13,,48,0.626797
10/19/2021,iPhone 13,,49,0.681878
10/20/2021,iPhone 13,,50,0.70108
10/21/2021,iPhone 13,,51,0.673137
10/22/2021,iPhone 13,,52,0.709254
10/23/2021,iPhone 13,,53,0.783321
10/24/2021,iPhone 13,,54,0.824007
10/25/2021,iPhone 13,,55,0.673794
10/26/2021,iPhone 13,,56,0.785967
10/27/2021,iPhone 13,,57,0.757449
10/28/2021,iPhone 13,,58,0.713345
10/29/2021,iPhone 13,,59,0.749047
10/30/2021,iPhone 13,,60,0.84824
10/31/2021,iPhone 13,,61,0.835141
11/1/2021,iPhone 13,,62,0.517164
11/2/2021,iPhone 13,,63,0.555616
11/3/2021,iPhone 13,,64,0.57179
11/4/2021,iPhone 13,,65,0.582143
11/5/2021,iPhone 13,,66,0.577227
11/6/2021,iPhone 13,,67,0.637433
11/7/2021,iPhone 13,,68,0.666045
11/8/2021,iPhone 13,,69,0.589041
11/9/2021,iPhone 13,,70,0.612673
11/10/2021,iPhone 13,,71,0.632205
11/11/2021,iPhone 13,,72,0.63145
11/12/2021,iPhone 13,,73,0.641545
11/13/2021,iPhone 13,,74,0.70905
11/14/2021,iPhone 13,,75,0.709238
11/15/2021,iPhone 13,,76,0.606386
11/16/2021,iPhone 13,,77,0.673207
11/17/2021,iPhone 13,,78,0.658593
11/18/2021,iPhone 13,,79,0.677569
11/19/2021,iPhone 13,,80,0.68996
11/20/2021,iPhone 13,,81,0.736923
11/21/2021,iPhone 13,,82,0.747304
11/22/2021,iPhone 13,,83,0.647936
11/23/2021,iPhone 13,,84,0.666555
11/24/2021,iPhone 13,,85,0.705919
11/25/2021,iPhone 13,,86,0.716787
11/26/2021,iPhone 13,,87,0.719057
11/27/2021,iPhone 13,,88,0.801511
11/28/2021,iPhone 13,,89,0.788464
11/29/2021,iPhone 13,,90,0.679744
11/30/2021,iPhone 13,,91,0.743467
12/1/2021,iPhone 13,,92,0.51355
12/2/2021,iPhone 13,,93,0.54972
12/3/2021,iPhone 13,,94,0.524264
12/4/2021,iPhone 13,,95,0.590901
12/5/2021,iPhone 13,,96,0.617253
12/6/2021,iPhone 13,,97,0.537155
12/7/2021,iPhone 13,,98,0.581656
12/8/2021,iPhone 13,,99,0.577407
12/9/2021,iPhone 13,,100,0.594111
12/10/2021,iPhone 13,,101,0.589515
12/11/2021,iPhone 13,,102,0.695355
12/12/2021,iPhone 13,,103,0.65583
12/13/2021,iPhone 13,,104,0.589519
12/14/2021,iPhone 13,,105,0.616494
12/15/2021,iPhone 13,,106,0.58264
12/16/2021,iPhone 13,,107,0.646435
12/17/2021,iPhone 13,,108,0.640169
12/18/2021,iPhone 13,,109,0.74228
12/19/2021,iPhone 13,,110,0.713033
12/20/2021,iPhone 13,,111,0.612735
12/21/2021,iPhone 13,,112,0.632476
12/22/2021,iPhone 13,,113,0.644515
12/23/2021,iPhone 13,,114,0.700647
12/24/2021,iPhone 13,,115,0.688556
12/25/2021,iPhone 13,,116,0.741179
12/26/2021,iPhone 13,,117,0.804916
12/27/2021,iPhone 13,,118,0.696313
12/28/2021,iPhone 13,,119,0.681875
12/29/2021,iPhone 13,,120,0.69221
12/30/2021,iPhone 13,,121,0.706237
12/31/2021,iPhone 13,,122,0.733056
1/1/2022,iPhone 13,,123,0.275864
1/2/2022,iPhone 13,,124,0.295808
1/3/2022,iPhone 13,,125,0.261191
1/4/2022,iPhone 13,,126,0.265286
1/5/2022,iPhone 13,,127,0.264785
1/6/2022,iPhone 13,,128,0.284946
1/7/2022,iPhone 13,,129,0.275078
1/8/2022,iPhone 13,,130,0.30044
1/9/2022,iPhone 13,,131,0.323609
1/10/2022,iPhone 13,,132,0.276231
1/11/2022,iPhone 13,,133,0.281213
1/12/2022,iPhone 13,,134,0.271951
1/13/2022,iPhone 13,,135,0.285561
1/14/2022,iPhone 13,,136,0.298521
1/15/2022,iPhone 13,,137,0.3249
1/16/2022,iPhone 13,,138,0.324672
1/17/2022,iPhone 13,,139,0.280302
1/18/2022,iPhone 13,,140,0.312504
1/19/2022,iPhone 13,,141,0.333585
1/20/2022,iPhone 13,,142,0.326673
1/21/2022,iPhone 13,,143,0.3194
1/22/2022,iPhone 13,,144,0.34214
1/23/2022,iPhone 13,,145,0.352857
1/24/2022,iPhone 13,,146,0.292652
1/25/2022,iPhone 13,,147,0.335677
1/26/2022,iPhone 13,,148,0.328312
1/27/2022,iPhone 13,,149,0.343656
1/28/2022,iPhone 13,,150,0.33194
1/29/2022,iPhone 13,,151,0.393976
1/30/2022,iPhone 13,,152,0.36077
1/31/2022,iPhone 13,,153,0.3165
2/1/2022,iPhone 13,,154,0.296887
2/2/2022,iPhone 13,,155,0.288149
2/3/2022,iPhone 13,,156,0.311287
2/4/2022,iPhone 13,,157,0.298322
2/5/2022,iPhone 13,,158,0.353464
2/6/2022,iPhone 13,,159,0.330134
2/7/2022,iPhone 13,,160,0.295039
2/8/2022,iPhone 13,,161,0.315392
2/9/2022,iPhone 13,,162,0.327472
2/10/2022,iPhone 13,,163,0.310197
2/11/2022,iPhone 13,,164,0.313637
2/12/2022,iPhone 13,,165,0.365849
2/13/2022,iPhone 13,,166,0.366406
2/14/2022,iPhone 13,,167,0.318812
2/15/2022,iPhone 13,,168,0.322908
2/16/2022,iPhone 13,,169,0.34452
2/17/2022,iPhone 13,,170,0.339986
2/18/2022,iPhone 13,,171,0.339804
2/19/2022,iPhone 13,,172,0.384939
2/20/2022,iPhone 13,,173,0.405282
2/21/2022,iPhone 13,,174,0.337662
2/22/2022,iPhone 13,,175,0.340103
2/23/2022,iPhone 13,,176,0.343116
2/24/2022,iPhone 13,,177,0.35242
2/25/2022,iPhone 13,,178,0.366208
2/26/2022,iPhone 13,,179,0.428329
2/27/2022,iPhone 13,,180,0.421858
2/28/2022,iPhone 13,,181,0.362817
3/1/2022,iPhone 13,,182,0.272511
3/2/2022,iPhone 13,,183,0.260306
3/3/2022,iPhone 13,,184,0.25513
3/4/2022,iPhone 13,,185,0.261777
3/5/2022,iPhone 13,,186,0.274462
3/6/2022,iPhone 13,,187,0.320745
3/7/2022,iPhone 13,,188,0.276942
3/8/2022,iPhone 13,,189,0.275626
3/9/2022,iPhone 13,,190,0.29007
3/10/2022,iPhone 13,,191,0.286894
3/11/2022,iPhone 13,,192,0.286542
3/12/2022,iPhone 13,,193,0.323401
3/13/2022,iPhone 13,,194,0.329073
3/14/2022,iPhone 13,,195,0.282843
3/15/2022,iPhone 13,,196,0.29954
3/16/2022,iPhone 13,,197,0.306216
3/17/2022,iPhone 13,,198,0.298135
3/18/2022,iPhone 13,,199,0.295469
3/19/2022,iPhone 13,,200,0.333952
3/20/2022,iPhone 13,,201,0.342795
3/21/2022,iPhone 13,,202,0.307383
3/22/2022,iPhone 13,,203,0.319719
3/23/2022,iPhone 13,,204,0.324769
3/24/2022,iPhone 13,,205,0.316784
3/25/2022,iPhone 13,,206,0.349542
3/26/2022,iPhone 13,,207,0.356295
3/27/2022,iPhone 13,,208,0.360434
3/28/2022,iPhone 13,,209,0.34087
3/29/2022,iPhone 13,,210,0.339269
3/30/2022,iPhone 13,,211,0.344846
3/31/2022,iPhone 13,,212,0.34866
4/1/2022,iPhone 13,,213,0.263928
4/2/2022,iPhone 13,,214,0.306117
4/3/2022,iPhone 13,,215,0.298948
4/4/2022,iPhone 13,,216,0.258392
4/5/2022,iPhone 13,,217,0.28841
4/6/2022,iPhone 13,,218,0.283475
4/7/2022,iPhone 13,,219,0.267306
4/8/2022,iPhone 13,,220,0.302122
4/9/2022,iPhone 13,,221,0.316919
4/10/2022,iPhone 13,,222,0.32569
4/11/2022,iPhone 13,,223,0.288423
4/12/2022,iPhone 13,,224,0.293173
4/13/2022,iPhone 13,,225,0.316728
4/14/2022,iPhone 13,,226,0.296328
4/15/2022,iPhone 13,,227,0.311479
4/16/2022,iPhone 13,,228,0.336865
4/17/2022,iPhone 13,,229,0.340533
4/18/2022,iPhone 13,,230,0.309153
4/19/2022,iPhone 13,,231,0.327806
4/20/2022,iPhone 13,,232,0.326902
4/21/2022,iPhone 13,,233,0.340484
4/22/2022,iPhone 13,,234,0.322671
4/23/2022,iPhone 13,,235,0.363518
4/24/2022,iPhone 13,,236,0.356105
4/25/2022,iPhone 13,,237,0.334306
4/26/2022,iPhone 13,,238,0.33565
4/27/2022,iPhone 13,,239,0.356523
4/28/2022,iPhone 13,,240,0.351215
4/29/2022,iPhone 13,,241,0.353361
4/30/2022,iPhone 13,,242,0.408471
5/1/2022,iPhone 13,,243,0.268657
5/2/2022,iPhone 13,,244,0.24896
5/3/2022,iPhone 13,,245,0.271719
5/4/2022,iPhone 13,,246,0.250016
5/5/2022,iPhone 13,,247,0.265284
5/6/2022,iPhone 13,,248,0.274057
5/7/2022,iPhone 13,,249,0.31204
5/8/2022,iPhone 13,,250,0.30003
5/9/2022,iPhone 13,,251,0.262688
5/10/2022,iPhone 13,,252,0.278562
5/11/2022,iPhone 13,,253,0.297933
5/12/2022,iPhone 13,,254,0.294426
5/13/2022,iPhone 13,,255,0.298512
5/14/2022,iPhone 13,,256,0.326146
5/15/2022,iPhone 13,,257,0.343226
5/16/2022,iPhone 13,,258,0.280449
5/17/2022,iPhone 13,,259,0.306595
5/18/2022,iPhone 13,,260,0.31979
5/19/2022,iPhone 13,,261,0.325728
5/20/2022,iPhone 13,,262,0.302743
5/21/2022,iPhone 13,,263,0.348974
5/22/2022,iPhone 13,,264,0.341642
5/23/2022,iPhone 13,,265,0.326905
5/24/2022,iPhone 13,,266,0.316003
5/25/2022,iPhone 13,,267,0.31902
5/26/2022,iPhone 13,,268,0.314885
5/27/2022,iPhone 13,,269,0.336821
5/28/2022,iPhone 13,,270,0.385749
5/29/2022,iPhone 13,,271,0.395358
5/30/2022,iPhone 13,,272,0.319751
5/31/2022,iPhone 13,,273,0.348333
6/1/2022,iPhone 13,,274,0.257437
6/2/2022,iPhone 13,,275,0.265353
6/3/2022,iPhone 13,,276,0.274173
6/4/2022,iPhone 13,,277,0.317516
6/5/2022,iPhone 13,,278,0.311493
6/6/2022,iPhone 13,,279,0.264873
6/7/2022,iPhone 13,,280,0.286218
6/8/2022,iPhone 13,,281,0.296127
6/9/2022,iPhone 13,,282,0.291425
6/10/2022,iPhone 13,,283,0.298471
6/11/2022,iPhone 13,,284,0.323576
6/12/2022,iPhone 13,,285,0.343417
6/13/2022,iPhone 13,,286,0.291237
6/14/2022,iPhone 13,,287,0.315166
6/15/2022,iPhone 13,,288,0.304738
6/16/2022,iPhone 13,,289,0.313128
6/17/2022,iPhone 13,,290,0.326411
6/18/2022,iPhone 13,,291,0.347963
6/19/2022,iPhone 13,,292,0.355852
6/20/2022,iPhone 13,,293,0.325107
6/21/2022,iPhone 13,,294,0.324795
6/22/2022,iPhone 13,,295,0.322278
6/23/2022,iPhone 13,,296,0.338225
6/24/2022,iPhone 13,,297,0.316434
6/25/2022,iPhone 13,,298,0.387108
6/26/2022,iPhone 13,,299,0.381279
6/27/2022,iPhone 13,,300,0.320024
6/28/2022,iPhone 13,,301,0.352393
6/29/2022,iPhone 13,,302,0.368872
6/30/2022,iPhone 13,,303,0.359909
7/1/2022,iPhone 13,,304,0.253562
7/2/2022,iPhone 13,,305,0.287819
7/3/2022,iPhone 13,,306,0.285299
7/4/2022,iPhone 13,,307,0.25348
7/5/2022,iPhone 13,,308,0.267785
7/6/2022,iPhone 13,,309,0.272863
7/7/2022,iPhone 13,,310,0.265354
7/8/2022,iPhone 13,,311,0.277429
7/9/2022,iPhone 13,,312,0.306503
7/10/2022,iPhone 13,,313,0.309148
7/11/2022,iPhone 13,,314,0.268923
7/12/2022,iPhone 13,,315,0.292921
7/13/2022,iPhone 13,,316,0.299444
7/14/2022,iPhone 13,,317,0.297351
7/15/2022,iPhone 13,,318,0.29646
7/16/2022,iPhone 13,,319,0.327849
7/17/2022,iPhone 13,,320,0.348874
7/18/2022,iPhone 13,,321,0.283183
7/19/2022,iPhone 13,,322,0.319347
7/20/2022,iPhone 13,,323,0.314354
7/21/2022,iPhone 13,,324,0.315698
7/22/2022,iPhone 13,,325,0.317243
7/23/2022,iPhone 13,,326,0.341038
7/24/2022,iPhone 13,,327,0.344456
7/25/2022,iPhone 13,,328,0.318193
7/26/2022,iPhone 13,,329,0.341659
7/27/2022,iPhone 13,,330,0.322774
7/28/2022,iPhone 13,,331,0.331733
7/29/2022,iPhone 13,,332,0.356041
7/30/2022,iPhone 13,,333,0.374369
7/31/2022,iPhone 13,,334,0.38985
8/1/2022,iPhone 13,,335,0.247712
8/2/2022,iPhone 13,,336,0.2633
8/3/2022,iPhone 13,,337,0.269834
8/4/2022,iPhone 13,,338,0.284068
8/5/2022,iPhone 13,,339,0.289265
8/6/2022,iPhone 13,,340,0.28198
8/7/2022,iPhone 13,,341,0.306258
8/8/2022,iPhone 13,,342,0.260327
8/9/2022,iPhone 13,,343,0.304246
8/10/2022,iPhone 13,,344,0.285545
8/11/2022,iPhone 13,,345,0.281974
8/12/2022,iPhone 13,,346,0.289277
8/13/2022,iPhone 13,,347,0.324941
8/14/2022,iPhone 13,,348,0.328077
8/15/2022,iPhone 13,,349,0.299329
8/16/2022,iPhone 13,,350,0.305482
8/17/2022,iPhone 13,,351,0.310849
8/18/2022,iPhone 13,,352,0.304227
8/19/2022,iPhone 13,,353,0.302537
8/20/2022,iPhone 13,,354,0.337416
8/21/2022,iPhone 13,,355,0.349557
8/22/2022,iPhone 13,,356,0.312489
8/23/2022,iPhone 13,,357,0.31295
8/24/2022,iPhone 13,,358,0.335789
8/25/2022,iPhone 13,,359,0.311988
8/26/2022,iPhone 13,,360,0.318336
8/27/2022,iPhone 13,,361,0.378164
8/28/2022,iPhone 13,,362,0.364013
8/29/2022,iPhone 13,,363,0.314666
8/30/2022,iPhone 13,,364,0.354583
8/31/2022,iPhone 13,,365,0.351821
9/1/2022,iPhone 13,,366,0.113918
9/2/2022,iPhone 13,,367,0.107295
9/3/2022,iPhone 13,,368,0.123487
9/4/2022,iPhone 13,,369,0.120838
9/5/2022,iPhone 13,,370,0.103101
9/6/2022,iPhone 13,,371,0.114046
9/7/2022,iPhone 13,,372,0.112881
9/8/2022,iPhone 13,,373,0.111347
9/9/2022,iPhone 13,,374,0.114243
9/10/2022,iPhone 13,,375,0.172663
9/11/2022,iPhone 13,,376,0.164802
9/12/2022,iPhone 13,,377,0.149967
9/13/2022,iPhone 13,,378,0.164019
9/14/2022,iPhone 13,,379,0.150825
9/15/2022,iPhone 13,,380,0.158201
9/16/2022,iPhone 13,,381,0.152801
9/17/2022,iPhone 13,,382,0.18357
9/18/2022,iPhone 13,,383,0.187937
9/19/2022,iPhone 13,,384,0.148332
9/20/2022,iPhone 13,,385,0.169914
9/21/2022,iPhone 13,,386,0.132217
9/22/2022,iPhone 13,,387,0.129328
9/23/2022,iPhone 13,,388,0.135775
9/24/2022,iPhone 13,,389,0.147336
9/25/2022,iPhone 13,,390,0.15179
9/26/2022,iPhone 13,,391,0.12815
9/27/2022,iPhone 13,,392,0.1338
9/28/2022,iPhone 13,,393,0.140983
9/29/2022,iPhone 13,,394,0.146973
9/30/2022,iPhone 13,,395,0.14046
10/1/2022,iPhone 13,,396,0.232446
10/2/2022,iPhone 13,,397,0.249018
10/3/2022,iPhone 13,,398,0.205172
10/4/2022,iPhone 13,,399,0.22132
10/5/2022,iPhone 13,,400,0.211029
10/6/2022,iPhone 13,,401,0.231547
10/7/2022,iPhone 13,,402,0.216981
10/8/2022,iPhone 13,,403,0.262019
10/9/2022,iPhone 13,,404,0.25634
10/10/2022,iPhone 13,,405,0.241794
10/11/2022,iPhone 13,,406,0.240334
10/12/2022,iPhone 13,,407,0.222966
10/13/2022,iPhone 13,,408,0.25126
10/14/2022,iPhone 13,,409,0.258649
10/15/2022,iPhone 13,,410,0.273252
10/16/2022,iPhone 13,,411,0.265565
10/17/2022,iPhone 13,,412,0.237244
10/18/2022,iPhone 13,,413,0.253834
10/19/2022,iPhone 13,,414,0.246366
10/20/2022,iPhone 13,,415,0.256092
10/21/2022,iPhone 13,,416,0.245935
10/22/2022,iPhone 13,,417,0.295466
10/23/2022,iPhone 13,,418,0.290236
10/24/2022,iPhone 13,,419,0.264826
10/25/2022,iPhone 13,,420,0.274169
10/26/2022,iPhone 13,,421,0.271285
10/27/2022,iPhone 13,,422,0.294893
10/28/2022,iPhone 13,,423,0.275383
10/29/2022,iPhone 13,,424,0.297157
10/30/2022,iPhone 13,,425,0.295856
10/31/2022,iPhone 13,,426,0.257565
11/1/2022,iPhone 13,,427,0.19753
11/2/2022,iPhone 13,,428,0.205502
11/3/2022,iPhone 13,,429,0.219387
11/4/2022,iPhone 13,,430,0.209942
11/5/2022,iPhone 13,,431,0.246999
11/6/2022,iPhone 13,,432,0.242233
11/7/2022,iPhone 13,,433,0.203684
11/8/2022,iPhone 13,,434,0.209151
11/9/2022,iPhone 13,,435,0.218168
11/10/2022,iPhone 13,,436,0.226993
11/11/2022,iPhone 13,,437,0.232814
11/12/2022,iPhone 13,,438,0.245964
11/13/2022,iPhone 13,,439,0.268089
11/14/2022,iPhone 13,,440,0.224318
11/15/2022,iPhone 13,,441,0.243661
11/16/2022,iPhone 13,,442,0.240179
11/17/2022,iPhone 13,,443,0.243304
11/18/2022,iPhone 13,,444,0.248072
11/19/2022,iPhone 13,,445,0.272641
11/20/2022,iPhone 13,,446,0.283617
11/21/2022,iPhone 13,,447,0.239494
11/22/2022,iPhone 13,,448,0.267209
11/23/2022,iPhone 13,,449,0.259318
11/24/2022,iPhone 13,,450,0.262254
11/25/2022,iPhone 13,,451,0.258165
11/26/2022,iPhone 13,,452,0.299532
11/27/2022,iPhone 13,,453,0.294306
11/28/2022,iPhone 13,,454,0.257101
11/29/2022,iPhone 13,,455,0.279291
11/30/2022,iPhone 13,,456,0.271083
12/1/2022,iPhone 13,,457,0.200779
12/2/2022,iPhone 13,,458,0.203415
12/3/2022,iPhone 13,,459,0.233225
12/4/2022,iPhone 13,,460,0.222774
12/5/2022,iPhone 13,,461,0.205417
12/6/2022,iPhone 13,,462,0.205519
12/7/2022,iPhone 13,,463,0.211328
12/8/2022,iPhone 13,,464,0.221128
12/9/2022,iPhone 13,,465,0.228195
12/10/2022,iPhone 13,,466,0.230119
12/11/2022,iPhone 13,,467,0.236558
12/12/2022,iPhone 13,,468,0.207113
12/13/2022,iPhone 13,,469,0.222893
12/14/2022,iPhone 13,,470,0.23337
12/15/2022,iPhone 13,,471,0.245896
12/16/2022,iPhone 13,,472,0.223044
12/17/2022,iPhone 13,,473,0.26063
12/18/2022,iPhone 13,,474,0.252609
12/19/2022,iPhone 13,,475,0.208813
12/20/2022,iPhone 13,,476,0.241465
12/21/2022,iPhone 13,,477,0.245913
12/22/2022,iPhone 13,,478,0.250437
12/23/2022,iPhone 13,,479,0.257218
12/24/2022,iPhone 13,,480,0.281465
12/25/2022,iPhone 13,,481,0.271809
12/26/2022,iPhone 13,,482,0.241644
12/27/2022,iPhone 13,,483,0.250892
12/28/2022,iPhone 13,,484,0.254279
12/29/2022,iPhone 13,,485,0.266253
12/30/2022,iPhone 13,,486,0.264275
12/31/2022,iPhone 13,,487,0.291525
1/1/2023,iPhone 13,,488,0.10835
1/2/2023,iPhone 13,,489,0.095372
1/3/2023,iPhone 13,,490,0.099071
1/4/2023,iPhone 13,,491,0.105226
1/5/2023,iPhone 13,,492,0.106467
1/6/2023,iPhone 13,,493,0.109079
1/7/2023,iPhone 13,,494,0.125928
1/8/2023,iPhone 13,,495,0.117634
1/9/2023,iPhone 13,,496,0.100306
1/10/2023,iPhone 13,,497,0.112876
1/11/2023,iPhone 13,,498,0.110726
1/12/2023,iPhone 13,,499,0.11467
1/13/2023,iPhone 13,,500,0.118562
1/14/2023,iPhone 13,,501,0.130271
1/15/2023,iPhone 13,,502,0.12796
1/16/2023,iPhone 13,,503,0.117496
1/17/2023,iPhone 13,,504,0.118751
1/18/2023,iPhone 13,,505,0.126542
1/19/2023,iPhone 13,,506,0.119121
1/20/2023,iPhone 13,,507,0.120497
1/21/2023,iPhone 13,,508,0.141231
1/22/2023,iPhone 13,,509,0.141132
1/23/2023,iPhone 13,,510,0.121159
1/24/2023,iPhone 13,,511,0.132012
1/25/2023,iPhone 13,,512,0.130241
1/26/2023,iPhone 13,,513,0.134632
1/27/2023,iPhone 13,,514,0.132077
1/28/2023,iPhone 13,,515,0.146987
1/29/2023,iPhone 13,,516,0.154236
1/30/2023,iPhone 13,,517,0.131267
1/31/2023,iPhone 13,,518,0.141124
2/1/2023,iPhone 13,,519,0.11179
2/2/2023,iPhone 13,,520,0.117134
2/3/2023,iPhone 13,,521,0.119602
2/4/2023,iPhone 13,,522,0.129466
2/5/2023,iPhone 13,,523,0.132344
2/6/2023,iPhone 13,,524,0.113723
2/7/2023,iPhone 13,,525,0.117227
2/8/2023,iPhone 13,,526,0.119189
2/9/2023,iPhone 13,,527,0.124596
2/10/2023,iPhone 13,,528,0.130221
2/11/2023,iPhone 13,,529,0.142412
2/12/2023,iPhone 13,,530,0.141941
2/13/2023,iPhone 13,,531,0.124471
2/14/2023,iPhone 13,,532,0.135314
2/15/2023,iPhone 13,,533,0.129909
2/16/2023,iPhone 13,,534,0.130229
2/17/2023,iPhone 13,,535,0.137542
2/18/2023,iPhone 13,,536,0.147371
2/19/2023,iPhone 13,,537,0.146115
2/20/2023,iPhone 13,,538,0.136293
2/21/2023,iPhone 13,,539,0.142255
2/22/2023,iPhone 13,,540,0.145384
2/23/2023,iPhone 13,,541,0.147169
2/24/2023,iPhone 13,,542,0.14482
2/25/2023,iPhone 13,,543,0.168225
2/26/2023,iPhone 13,,544,0.161453
2/27/2023,iPhone 13,,545,0.137803
2/28/2023,iPhone 13,,546,0.157
9/1/2022,iPhone 14,,1,0.282539
9/2/2022,iPhone 14,,2,0.283771
9/3/2022,iPhone 14,,3,0.310405
9/4/2022,iPhone 14,,4,0.308535
9/5/2022,iPhone 14,,5,0.271242
9/6/2022,iPhone 14,,6,0.301152
9/7/2022,iPhone 14,,7,0.295329
9/8/2022,iPhone 14,,8,0.291688
9/9/2022,iPhone 14,,9,0.306947
9/10/2022,iPhone 14,,10,0.443009
9/11/2022,iPhone 14,,11,0.451018
9/12/2022,iPhone 14,,12,0.379651
9/13/2022,iPhone 14,,13,0.394046
9/14/2022,iPhone 14,,14,0.395936
9/15/2022,iPhone 14,,15,0.437068
9/16/2022,iPhone 14,,16,0.439134
9/17/2022,iPhone 14,,17,0.467226
9/18/2022,iPhone 14,,18,0.475822
9/19/2022,iPhone 14,,19,0.410923
9/20/2022,iPhone 14,,20,0.427657
9/21/2022,iPhone 14,,21,0.338922
9/22/2022,iPhone 14,,22,0.328141
9/23/2022,iPhone 14,,23,0.352766
9/24/2022,iPhone 14,,24,0.391727
9/25/2022,iPhone 14,,25,0.380416
9/26/2022,iPhone 14,,26,0.320736
9/27/2022,iPhone 14,,27,0.366834
9/28/2022,iPhone 14,,28,0.372418
9/29/2022,iPhone 14,,29,0.368826
9/30/2022,iPhone 14,,30,0.355116
10/1/2022,iPhone 14,,31,0.630293
10/2/2022,iPhone 14,,32,0.610782
10/3/2022,iPhone 14,,33,0.52104
10/4/2022,iPhone 14,,34,0.537525
10/5/2022,iPhone 14,,35,0.61256
10/6/2022,iPhone 14,,36,0.557133
10/7/2022,iPhone 14,,37,0.576448
10/8/2022,iPhone 14,,38,0.689906
10/9/2022,iPhone 14,,39,0.653246
10/10/2022,iPhone 14,,40,0.576703
10/11/2022,iPhone 14,,41,0.651759
10/12/2022,iPhone 14,,42,0.665182
10/13/2022,iPhone 14,,43,0.650661
10/14/2022,iPhone 14,,44,0.65569
10/15/2022,iPhone 14,,45,0.747378
10/16/2022,iPhone 14,,46,0.717952
10/17/2022,iPhone 14,,47,0.62506
10/18/2022,iPhone 14,,48,0.650135
10/19/2022,iPhone 14,,49,0.662784
10/20/2022,iPhone 14,,50,0.663276
10/21/2022,iPhone 14,,51,0.666149
10/22/2022,iPhone 14,,52,0.728602
10/23/2022,iPhone 14,,53,0.75074
10/24/2022,iPhone 14,,54,0.6242
10/25/2022,iPhone 14,,55,0.702152
10/26/2022,iPhone 14,,56,0.712913
10/27/2022,iPhone 14,,57,0.703433
10/28/2022,iPhone 14,,58,0.695571
10/29/2022,iPhone 14,,59,0.765176
10/30/2022,iPhone 14,,60,0.804506
10/31/2022,iPhone 14,,61,0.721047
11/1/2022,iPhone 14,,62,0.560723
11/2/2022,iPhone 14,,63,0.548336
11/3/2022,iPhone 14,,64,0.572617
11/4/2022,iPhone 14,,65,0.555289
11/5/2022,iPhone 14,,66,0.625048
11/6/2022,iPhone 14,,67,0.593997
11/7/2022,iPhone 14,,68,0.524879
11/8/2022,iPhone 14,,69,0.56694
11/9/2022,iPhone 14,,70,0.568894
11/10/2022,iPhone 14,,71,0.590296
11/11/2022,iPhone 14,,72,0.592001
11/12/2022,iPhone 14,,73,0.703442
11/13/2022,iPhone 14,,74,0.660141
11/14/2022,iPhone 14,,75,0.551497
11/15/2022,iPhone 14,,76,0.642769
11/16/2022,iPhone 14,,77,0.642491
11/17/2022,iPhone 14,,78,0.634962
11/18/2022,iPhone 14,,79,0.613875
11/19/2022,iPhone 14,,80,0.683996
11/20/2022,iPhone 14,,81,0.678331
11/21/2022,iPhone 14,,82,0.617277
11/22/2022,iPhone 14,,83,0.695465
11/23/2022,iPhone 14,,84,0.685178
11/24/2022,iPhone 14,,85,0.67189
11/25/2022,iPhone 14,,86,0.710271
11/26/2022,iPhone 14,,87,0.755562
11/27/2022,iPhone 14,,88,0.790317
11/28/2022,iPhone 14,,89,0.680089
11/29/2022,iPhone 14,,90,0.726039
11/30/2022,iPhone 14,,91,0.718391
12/1/2022,iPhone 14,,92,0.548282
12/2/2022,iPhone 14,,93,0.510502
12/3/2022,iPhone 14,,94,0.59358
12/4/2022,iPhone 14,,95,0.577608
12/5/2022,iPhone 14,,96,0.528678
12/6/2022,iPhone 14,,97,0.53707
12/7/2022,iPhone 14,,98,0.566679
12/8/2022,iPhone 14,,99,0.552406
12/9/2022,iPhone 14,,100,0.551519
12/10/2022,iPhone 14,,101,0.622768
12/11/2022,iPhone 14,,102,0.642039
12/12/2022,iPhone 14,,103,0.546298
12/13/2022,iPhone 14,,104,0.626743
12/14/2022,iPhone 14,,105,0.584445
12/15/2022,iPhone 14,,106,0.571871
12/16/2022,iPhone 14,,107,0.577437
12/17/2022,iPhone 14,,108,0.675546
12/18/2022,iPhone 14,,109,0.658074
12/19/2022,iPhone 14,,110,0.568665
12/20/2022,iPhone 14,,111,0.64277
12/21/2022,iPhone 14,,112,0.655664
12/22/2022,iPhone 14,,113,0.624576
12/23/2022,iPhone 14,,114,0.674623
12/24/2022,iPhone 14,,115,0.721327
12/25/2022,iPhone 14,,116,0.752913
12/26/2022,iPhone 14,,117,0.645048
12/27/2022,iPhone 14,,118,0.655592
12/28/2022,iPhone 14,,119,0.696227
12/29/2022,iPhone 14,,120,0.664217
12/30/2022,iPhone 14,,121,0.679969
12/31/2022,iPhone 14,,122,0.707864
1/1/2023,iPhone 14,,123,0.302172
1/2/2023,iPhone 14,,124,0.266412
1/3/2023,iPhone 14,,125,0.276657
1/4/2023,iPhone 14,,126,0.285628
1/5/2023,iPhone 14,,127,0.290863
1/6/2023,iPhone 14,,128,0.291689
1/7/2023,iPhone 14,,129,0.306335
1/8/2023,iPhone 14,,130,0.314087
1/9/2023,iPhone 14,,131,0.281952
1/10/2023,iPhone 14,,132,0.294949
1/11/2023,iPhone 14,,133,0.293865
1/12/2023,iPhone 14,,134,0.299872
1/13/2023,iPhone 14,,135,0.291913
1/14/2023,iPhone 14,,136,0.340505
1/15/2023,iPhone 14,,137,0.338205
1/16/2023,iPhone 14,,138,0.278889
1/17/2023,iPhone 14,,139,0.300715
1/18/2023,iPhone 14,,140,0.320761
1/19/2023,iPhone 14,,141,0.314217
1/20/2023,iPhone 14,,142,0.314704
1/21/2023,iPhone 14,,143,0.346417
1/22/2023,iPhone 14,,144,0.361182
1/23/2023,iPhone 14,,145,0.313676
1/24/2023,iPhone 14,,146,0.344476
1/25/2023,iPhone 14,,147,0.349453
1/26/2023,iPhone 14,,148,0.339424
1/27/2023,iPhone 14,,149,0.348156
1/28/2023,iPhone 14,,150,0.37439
1/29/2023,iPhone 14,,151,0.381676
1/30/2023,iPhone 14,,152,0.337012
1/31/2023,iPhone 14,,153,0.356749
2/1/2023,iPhone 14,,154,0.28204
2/2/2023,iPhone 14,,155,0.299719
2/3/2023,iPhone 14,,156,0.29766
2/4/2023,iPhone 14,,157,0.344849
2/5/2023,iPhone 14,,158,0.335846
2/6/2023,iPhone 14,,159,0.292466
2/7/2023,iPhone 14,,160,0.322922
2/8/2023,iPhone 14,,161,0.320825
2/9/2023,iPhone 14,,162,0.325713
2/10/2023,iPhone 14,,163,0.325666
2/11/2023,iPhone 14,,164,0.361471
2/12/2023,iPhone 14,,165,0.378029
2/13/2023,iPhone 14,,166,0.327386
2/14/2023,iPhone 14,,167,0.346583
2/15/2023,iPhone 14,,168,0.347812
2/16/2023,iPhone 14,,169,0.351665
2/17/2023,iPhone 14,,170,0.371059
2/18/2023,iPhone 14,,171,0.371426
2/19/2023,iPhone 14,,172,0.402755
2/20/2023,iPhone 14,,173,0.345667
2/21/2023,iPhone 14,,174,0.369859
2/22/2023,iPhone 14,,175,0.375884
2/23/2023,iPhone 14,,176,0.362127
2/24/2023,iPhone 14,,177,0.381173
2/25/2023,iPhone 14,,178,0.414916
2/26/2023,iPhone 14,,179,0.443515
2/27/2023,iPhone 14,,180,0.368902
2/28/2023,iPhone 14,,181,0.389066
3/1/2023,iPhone 14,,182,0.268345
3/2/2023,iPhone 14,,183,0.265973
3/3/2023,iPhone 14,,184,0.273696
3/4/2023,iPhone 14,,185,0.29971
3/5/2023,iPhone 14,,186,0.316946
3/6/2023,iPhone 14,,187,0.277477
3/7/2023,iPhone 14,,188,0.296668
3/8/2023,iPhone 14,,189,0.28598
3/9/2023,iPhone 14,,190,0.287065
3/10/2023,iPhone 14,,191,0.2957
3/11/2023,iPhone 14,,192,0.319318
3/12/2023,iPhone 14,,193,0.326005
3/13/2023,iPhone 14,,194,0.270379
3/14/2023,iPhone 14,,195,0.297223
3/15/2023,iPhone 14,,196,0.320094
3/16/2023,iPhone 14,,197,0.31922
3/17/2023,iPhone 14,,198,0.308725
3/18/2023,iPhone 14,,199,0.344611
3/19/2023,iPhone 14,,200,0.363152
3/20/2023,iPhone 14,,201,0.319816
3/21/2023,iPhone 14,,202,0.329369
3/22/2023,iPhone 14,,203,0.324781
3/23/2023,iPhone 14,,204,0.336114
3/24/2023,iPhone 14,,205,0.319101
3/25/2023,iPhone 14,,206,0.35737
3/26/2023,iPhone 14,,207,0.384571
3/27/2023,iPhone 14,,208,0.332836
3/28/2023,iPhone 14,,209,0.354607
3/29/2023,iPhone 14,,210,0.364183
3/30/2023,iPhone 14,,211,0.351065
3/31/2023,iPhone 14,,212,0.346902
4/1/2023,iPhone 14,,213,0.305579
4/2/2023,iPhone 14,,214,0.287146
4/3/2023,iPhone 14,,215,0.261347
4/4/2023,iPhone 14,,216,0.297925
4/5/2023,iPhone 14,,217,0.286944
4/6/2023,iPhone 14,,218,0.301776
4/7/2023,iPhone 14,,219,0.289823
4/8/2023,iPhone 14,,220,0.331789
4/9/2023,iPhone 14,,221,0.330478
4/10/2023,iPhone 14,,222,0.28006
4/11/2023,iPhone 14,,223,0.307589
4/12/2023,iPhone 14,,224,0.31756
4/13/2023,iPhone 14,,225,0.326944
4/14/2023,iPhone 14,,226,0.314072
4/15/2023,iPhone 14,,227,0.351648
4/16/2023,iPhone 14,,228,0.360777
4/17/2023,iPhone 14,,229,0.299714
4/18/2023,iPhone 14,,230,0.32694
4/19/2023,iPhone 14,,231,0.323229
4/20/2023,iPhone 14,,232,0.32331
4/21/2023,iPhone 14,,233,0.329292
4/22/2023,iPhone 14,,234,0.382277
4/23/2023,iPhone 14,,235,0.39652
4/24/2023,iPhone 14,,236,0.330954
4/25/2023,iPhone 14,,237,0.346512
4/26/2023,iPhone 14,,238,0.336687
4/27/2023,iPhone 14,,239,0.365552
4/28/2023,iPhone 14,,240,0.353289
4/29/2023,iPhone 14,,241,0.398672
4/30/2023,iPhone 14,,242,0.392594
5/1/2023,iPhone 14,,243,0.25386
5/2/2023,iPhone 14,,244,0.27043
5/3/2023,iPhone 14,,245,0.261562
5/4/2023,iPhone 14,,246,0.305583
5/5/2023,iPhone 14,,247,0.270037
5/6/2023,iPhone 14,,248,0.305182
5/7/2023,iPhone 14,,249,0.317876
5/8/2023,iPhone 14,,250,0.272758
5/9/2023,iPhone 14,,251,0.290175
5/10/2023,iPhone 14,,252,0.303068
5/11/2023,iPhone 14,,253,0.311907
5/12/2023,iPhone 14,,254,0.288342
5/13/2023,iPhone 14,,255,0.348367
5/14/2023,iPhone 14,,256,0.335664
5/15/2023,iPhone 14,,257,0.283016
5/16/2023,iPhone 14,,258,0.323131
5/17/2023,iPhone 14,,259,0.306679
5/18/2023,iPhone 14,,260,0.315436
5/19/2023,iPhone 14,,261,0.338868
5/20/2023,iPhone 14,,262,0.351208
5/21/2023,iPhone 14,,263,0.358489
5/22/2023,iPhone 14,,264,0.293585
5/23/2023,iPhone 14,,265,0.322206
5/24/2023,iPhone 14,,266,0.355829
5/25/2023,iPhone 14,,267,0.340533
5/26/2023,iPhone 14,,268,0.342753
5/27/2023,iPhone 14,,269,0.362534
5/28/2023,iPhone 14,,270,0.381276
5/29/2023,iPhone 14,,271,0.339832
5/30/2023,iPhone 14,,272,0.358758
5/31/2023,iPhone 14,,273,0.348056
6/1/2023,iPhone 14,,274,0.276305
6/2/2023,iPhone 14,,275,0.269551
6/3/2023,iPhone 14,,276,0.324718
6/4/2023,iPhone 14,,277,0.315705
6/5/2023,iPhone 14,,278,0.260073
6/6/2023,iPhone 14,,279,0.279687
6/7/2023,iPhone 14,,280,0.299024
6/8/2023,iPhone 14,,281,0.305001
6/9/2023,iPhone 14,,282,0.304705
6/10/2023,iPhone 14,,283,0.331154
6/11/2023,iPhone 14,,284,0.345866
6/12/2023,iPhone 14,,285,0.3004
6/13/2023,iPhone 14,,286,0.315367
6/14/2023,iPhone 14,,287,0.327151
6/15/2023,iPhone 14,,288,0.335916
6/16/2023,iPhone 14,,289,0.302686
6/17/2023,iPhone 14,,290,0.361756
6/18/2023,iPhone 14,,291,0.345993
6/19/2023,iPhone 14,,292,0.305367
6/20/2023,iPhone 14,,293,0.335214
6/21/2023,iPhone 14,,294,0.344459
6/22/2023,iPhone 14,,295,0.351032
6/23/2023,iPhone 14,,296,0.350491
6/24/2023,iPhone 14,,297,0.395516
6/25/2023,iPhone 14,,298,0.387057
6/26/2023,iPhone 14,,299,0.32447
6/27/2023,iPhone 14,,300,0.355592
6/28/2023,iPhone 14,,301,0.37004
6/29/2023,iPhone 14,,302,0.366049
6/30/2023,iPhone 14,,303,0.370655
7/1/2023,iPhone 14,,304,0.286326
7/2/2023,iPhone 14,,305,0.302628
7/3/2023,iPhone 14,,306,0.265011
7/4/2023,iPhone 14,,307,0.288563
7/5/2023,iPhone 14,,308,0.281243
7/6/2023,iPhone 14,,309,0.271225
7/7/2023,iPhone 14,,310,0.279361
7/8/2023,iPhone 14,,311,0.302934
7/9/2023,iPhone 14,,312,0.306432
7/10/2023,iPhone 14,,313,0.282944
7/11/2023,iPhone 14,,314,0.291772
7/12/2023,iPhone 14,,315,0.311094
7/13/2023,iPhone 14,,316,0.285973
7/14/2023,iPhone 14,,317,0.32296
7/15/2023,iPhone 14,,318,0.341901
7/16/2023,iPhone 14,,319,0.330067
7/17/2023,iPhone 14,,320,0.296478
7/18/2023,iPhone 14,,321,0.329027
7/19/2023,iPhone 14,,322,0.330999
7/20/2023,iPhone 14,,323,0.312402
7/21/2023,iPhone 14,,324,0.325298
7/22/2023,iPhone 14,,325,0.367253
7/23/2023,iPhone 14,,326,0.3723
7/24/2023,iPhone 14,,327,0.319019
7/25/2023,iPhone 14,,328,0.330184
7/26/2023,iPhone 14,,329,0.336387
7/27/2023,iPhone 14,,330,0.332076
7/28/2023,iPhone 14,,331,0.35611
7/29/2023,iPhone 14,,332,0.379875
7/30/2023,iPhone 14,,333,0.390313
7/31/2023,iPhone 14,,334,0.328847
8/1/2023,iPhone 14,,335,0.264352
8/2/2023,iPhone 14,,336,0.266317
8/3/2023,iPhone 14,,337,0.267508
8/4/2023,iPhone 14,,338,0.284217
8/5/2023,iPhone 14,,339,0.314126
8/6/2023,iPhone 14,,340,0.31166
8/7/2023,iPhone 14,,341,0.271156
8/8/2023,iPhone 14,,342,0.288888
8/9/2023,iPhone 14,,343,0.290832
8/10/2023,iPhone 14,,344,0.286527
8/11/2023,iPhone 14,,345,0.307541
8/12/2023,iPhone 14,,346,0.353644
8/13/2023,iPhone 14,,347,0.337355
8/14/2023,iPhone 14,,348,0.274987
8/15/2023,iPhone 14,,349,0.309862
8/16/2023,iPhone 14,,350,0.302099
8/17/2023,iPhone 14,,351,0.321663
8/18/2023,iPhone 14,,352,0.314737
8/19/2023,iPhone 14,,353,0.359552
8/20/2023,iPhone 14,,354,0.333129
8/21/2023,iPhone 14,,355,0.325543
8/22/2023,iPhone 14,,356,0.316888
8/23/2023,iPhone 14,,357,0.33334
8/24/2023,iPhone 14,,358,0.336606
8/25/2023,iPhone 14,,359,0.338263
8/26/2023,iPhone 14,,360,0.388799
8/27/2023,iPhone 14,,361,0.361902
8/28/2023,iPhone 14,,362,0.331448
8/29/2023,iPhone 14,,363,0.35612
8/30/2023,iPhone 14,,364,0.364898
8/31/2023,iPhone 14,,365,0.34304
9/1/2023,iPhone 14,,366,0.106746
9/2/2023,iPhone 14,,367,0.120995
9/3/2023,iPhone 14,,368,0.118476
9/4/2023,iPhone 14,,369,0.110649
9/5/2023,iPhone 14,,370,0.112598
9/6/2023,iPhone 14,,371,0.113516
9/7/2023,iPhone 14,,372,0.112207
9/8/2023,iPhone 14,,373,0.122791
9/9/2023,iPhone 14,,374,0.126866
9/10/2023,iPhone 14,,375,0.167198
9/11/2023,iPhone 14,,376,0.143854
9/12/2023,iPhone 14,,377,0.164571
9/13/2023,iPhone 14,,378,0.163759
9/14/2023,iPhone 14,,379,0.16539
9/15/2023,iPhone 14,,380,0.155166
9/16/2023,iPhone 14,,381,0.188804
9/17/2023,iPhone 14,,382,0.188164
9/18/2023,iPhone 14,,383,0.164627
9/19/2023,iPhone 14,,384,0.175913
9/20/2023,iPhone 14,,385,0.173725
9/21/2023,iPhone 14,,386,0.132471
9/22/2023,iPhone 14,,387,0.128843
9/23/2023,iPhone 14,,388,0.152128
9/24/2023,iPhone 14,,389,0.15486
9/25/2023,iPhone 14,,390,0.132916
9/26/2023,iPhone 14,,391,0.139988
9/27/2023,iPhone 14,,392,0.142996
9/28/2023,iPhone 14,,393,0.145728
9/29/2023,iPhone 14,,394,0.141977
9/30/2023,iPhone 14,,395,0.165082
10/1/2023,iPhone 14,,396,0.244742
10/2/2023,iPhone 14,,397,0.197692
10/3/2023,iPhone 14,,398,0.221491
10/4/2023,iPhone 14,,399,0.224122
10/5/2023,iPhone 14,,400,0.22573
10/6/2023,iPhone 14,,401,0.236066
10/7/2023,iPhone 14,,402,0.263255
10/8/2023,iPhone 14,,403,0.241361
10/9/2023,iPhone 14,,404,0.22512
10/10/2023,iPhone 14,,405,0.243406
10/11/2023,iPhone 14,,406,0.241825
10/12/2023,iPhone 14,,407,0.241958
10/13/2023,iPhone 14,,408,0.25056
10/14/2023,iPhone 14,,409,0.280406
10/15/2023,iPhone 14,,410,0.28724
10/16/2023,iPhone 14,,411,0.232113
10/17/2023,iPhone 14,,412,0.25438
10/18/2023,iPhone 14,,413,0.259957
10/19/2023,iPhone 14,,414,0.281162
10/20/2023,iPhone 14,,415,0.262989
10/21/2023,iPhone 14,,416,0.300088
10/22/2023,iPhone 14,,417,0.317093
10/23/2023,iPhone 14,,418,0.272474
10/24/2023,iPhone 14,,419,0.27349
10/25/2023,iPhone 14,,420,0.272674
10/26/2023,iPhone 14,,421,0.290286
10/27/2023,iPhone 14,,422,0.287156
10/28/2023,iPhone 14,,423,0.322874
10/29/2023,iPhone 14,,424,0.311072
10/30/2023,iPhone 14,,425,0.28234
10/31/2023,iPhone 14,,426,0.278876
11/1/2023,iPhone 14,,427,0.208648
11/2/2023,iPhone 14,,428,0.2127
11/3/2023,iPhone 14,,429,0.222404
11/4/2023,iPhone 14,,430,0.237288
11/5/2023,iPhone 14,,431,0.24019
11/6/2023,iPhone 14,,432,0.209353
11/7/2023,iPhone 14,,433,0.22378
11/8/2023,iPhone 14,,434,0.230049
11/9/2023,iPhone 14,,435,0.234978
11/10/2023,iPhone 14,,436,0.232956
11/11/2023,iPhone 14,,437,0.271472
11/12/2023,iPhone 14,,438,0.260702
11/13/2023,iPhone 14,,439,0.233556
11/14/2023,iPhone 14,,440,0.252624
11/15/2023,iPhone 14,,441,0.255887
11/16/2023,iPhone 14,,442,0.249934
11/17/2023,iPhone 14,,443,0.248949
11/18/2023,iPhone 14,,444,0.277102
11/19/2023,iPhone 14,,445,0.285628
11/20/2023,iPhone 14,,446,0.242911
11/21/2023,iPhone 14,,447,0.253748
11/22/2023,iPhone 14,,448,0.271303
11/23/2023,iPhone 14,,449,0.265351
11/24/2023,iPhone 14,,450,0.278402
11/25/2023,iPhone 14,,451,0.28726
11/26/2023,iPhone 14,,452,0.294011
11/27/2023,iPhone 14,,453,0.248802
11/28/2023,iPhone 14,,454,0.302022
11/29/2023,iPhone 14,,455,0.266222
11/30/2023,iPhone 14,,456,0.283768
12/1/2023,iPhone 14,,457,0.204896
12/2/2023,iPhone 14,,458,0.226824
12/3/2023,iPhone 14,,459,0.227066
12/4/2023,iPhone 14,,460,0.204753
12/5/2023,iPhone 14,,461,0.210812
12/6/2023,iPhone 14,,462,0.203603
12/7/2023,iPhone 14,,463,0.222564
12/8/2023,iPhone 14,,464,0.224754
12/9/2023,iPhone 14,,465,0.236957
12/10/2023,iPhone 14,,466,0.235199
12/11/2023,iPhone 14,,467,0.222812
12/12/2023,iPhone 14,,468,0.234248
12/13/2023,iPhone 14,,469,0.235264
12/14/2023,iPhone 14,,470,0.237836
12/15/2023,iPhone 14,,471,0.248074
12/16/2023,iPhone 14,,472,0.24744
12/17/2023,iPhone 14,,473,0.268876
12/18/2023,iPhone 14,,474,0.224344
12/19/2023,iPhone 14,,475,0.248256
12/20/2023,iPhone 14,,476,0.245575
12/21/2023,iPhone 14,,477,0.23755
12/22/2023,iPhone 14,,478,0.253847
12/23/2023,iPhone 14,,479,0.290162
12/24/2023,iPhone 14,,480,0.294941
12/25/2023,iPhone 14,,481,0.246638
12/26/2023,iPhone 14,,482,0.255908
12/27/2023,iPhone 14,,483,0.251713
12/28/2023,iPhone 14,,484,0.264181
12/29/2023,iPhone 14,,485,0.272392
12/30/2023,iPhone 14,,486,0.293658
12/31/2023,iPhone 14,,487,0.310859
1/1/2024,iPhone 14,,488,0.098237
1/2/2024,iPhone 14,,489,0.100741
1/3/2024,iPhone 14,,490,0.10908
1/4/2024,iPhone 14,,491,0.109
1/5/2024,iPhone 14,,492,0.106453
1/6/2024,iPhone 14,,493,0.115001
1/7/2024,iPhone 14,,494,0.113949
1/8/2024,iPhone 14,,495,0.103625
1/9/2024,iPhone 14,,496,0.111917
1/10/2024,iPhone 14,,497,0.115371
1/11/2024,iPhone 14,,498,0.107436
1/12/2024,iPhone 14,,499,0.108367
1/13/2024,iPhone 14,,500,0.12436
1/14/2024,iPhone 14,,501,0.127329
1/15/2024,iPhone 14,,502,0.108316
1/16/2024,iPhone 14,,503,0.121214
1/17/2024,iPhone 14,,504,0.121623
1/18/2024,iPhone 14,,505,0.129774
1/19/2024,iPhone 14,,506,0.121818
1/20/2024,iPhone 14,,507,0.134987
1/21/2024,iPhone 14,,508,0.134663
1/22/2024,iPhone 14,,509,0.121359
1/23/2024,iPhone 14,,510,0.125673
1/24/2024,iPhone 14,,511,0.12642
1/25/2024,iPhone 14,,512,0.134903
1/26/2024,iPhone 14,,513,0.132697
1/27/2024,iPhone 14,,514,0.144924
1/28/2024,iPhone 14,,515,0.144542
1/29/2024,iPhone 14,,516,0.12117
1/30/2024,iPhone 14,,517,0.145798
1/31/2024,iPhone 14,,518,0.137253
2/1/2024,iPhone 14,,519,0.107906
2/2/2024,iPhone 14,,520,0.113574
2/3/2024,iPhone 14,,521,0.12921
2/4/2024,iPhone 14,,522,0.130994
2/5/2024,iPhone 14,,523,0.120955
2/6/2024,iPhone 14,,524,0.119802
2/7/2024,iPhone 14,,525,0.122841
2/8/2024,iPhone 14,,526,0.126498
2/9/2024,iPhone 14,,527,0.120062
2/10/2024,iPhone 14,,528,0.149201
2/11/2024,iPhone 14,,529,0.143702
2/12/2024,iPhone 14,,530,0.120409
2/13/2024,iPhone 14,,531,0.138083
2/14/2024,iPhone 14,,532,0.142051
2/15/2024,iPhone 14,,533,0.137859
2/16/2024,iPhone 14,,534,0.139433
2/17/2024,iPhone 14,,535,0.152782
2/18/2024,iPhone 14,,536,0.152599
2/19/2024,iPhone 14,,537,0.135977
2/20/2024,iPhone 14,,538,0.14104
2/21/2024,iPhone 14,,539,0.140422
2/22/2024,iPhone 14,,540,0.144049
2/23/2024,iPhone 14,,541,0.149415
2/24/2024,iPhone 14,,542,0.164462
2/25/2024,iPhone 14,,543,0.168355
2/26/2024,iPhone 14,,544,0.138549
2/27/2024,iPhone 14,,545,0.147543
2/28/2024,iPhone 14,,546,0.159489
2/29/2024,iPhone 14,,547,0.150737
9/1/2023,iPhone 15,,1,0.28113
9/2/2023,iPhone 15,,2,0.30653
9/3/2023,iPhone 15,,3,0.311445
9/4/2023,iPhone 15,,4,0.285212
9/5/2023,iPhone 15,,5,0.295053
9/6/2023,iPhone 15,,6,0.296829
9/7/2023,iPhone 15,,7,0.294145
9/8/2023,iPhone 15,,8,0.30163
9/9/2023,iPhone 15,,9,0.357271
9/10/2023,iPhone 15,,10,0.460175
9/11/2023,iPhone 15,,11,0.370494
9/12/2023,iPhone 15,,12,0.425022
9/13/2023,iPhone 15,,13,0.414462
9/14/2023,iPhone 15,,14,0.415434
9/15/2023,iPhone 15,,15,0.413849
9/16/2023,iPhone 15,,16,0.484057
9/17/2023,iPhone 15,,17,0.472532
9/18/2023,iPhone 15,,18,0.425735
9/19/2023,iPhone 15,,19,0.436559
9/20/2023,iPhone 15,,20,0.467731
9/21/2023,iPhone 15,,21,0.34017
9/22/2023,iPhone 15,,22,0.353128
9/23/2023,iPhone 15,,23,0.394151
9/24/2023,iPhone 15,,24,0.393134
9/25/2023,iPhone 15,,25,0.339724
9/26/2023,iPhone 15,,26,0.363605
9/27/2023,iPhone 15,,27,0.386717
9/28/2023,iPhone 15,,28,0.381556
9/29/2023,iPhone 15,,29,0.374801
9/30/2023,iPhone 15,,30,0.42272
10/1/2023,iPhone 15,,31,0.62917
10/2/2023,iPhone 15,,32,0.522451
10/3/2023,iPhone 15,,33,0.581617
10/4/2023,iPhone 15,,34,0.588968
10/5/2023,iPhone 15,,35,0.611637
10/6/2023,iPhone 15,,36,0.602057
10/7/2023,iPhone 15,,37,0.69404
10/8/2023,iPhone 15,,38,0.679149
10/9/2023,iPhone 15,,39,0.593827
10/10/2023,iPhone 15,,40,0.611244
10/11/2023,iPhone 15,,41,0.64734
10/12/2023,iPhone 15,,42,0.627007
10/13/2023,iPhone 15,,43,0.646824
10/14/2023,iPhone 15,,44,0.710866
10/15/2023,iPhone 15,,45,0.719612
10/16/2023,iPhone 15,,46,0.648858
10/17/2023,iPhone 15,,47,0.710122
10/18/2023,iPhone 15,,48,0.663555
10/19/2023,iPhone 15,,49,0.646723
10/20/2023,iPhone 15,,50,0.709388
10/21/2023,iPhone 15,,51,0.774509
10/22/2023,iPhone 15,,52,0.785286
10/23/2023,iPhone 15,,53,0.648674
10/24/2023,iPhone 15,,54,0.690277
10/25/2023,iPhone 15,,55,0.712896
10/26/2023,iPhone 15,,56,0.744397
10/27/2023,iPhone 15,,57,0.754142
10/28/2023,iPhone 15,,58,0.81718
10/29/2023,iPhone 15,,59,0.83932
10/30/2023,iPhone 15,,60,0.72771
10/31/2023,iPhone 15,,61,0.783154
11/1/2023,iPhone 15,,62,0.548265
11/2/2023,iPhone 15,,63,0.553965
11/3/2023,iPhone 15,,64,0.577159
11/4/2023,iPhone 15,,65,0.615411
11/5/2023,iPhone 15,,66,0.667904
11/6/2023,iPhone 15,,67,0.567574
11/7/2023,iPhone 15,,68,0.594595
11/8/2023,iPhone 15,,69,0.595147
11/9/2023,iPhone 15,,70,0.59111
11/10/2023,iPhone 15,,71,0.604509
11/11/2023,iPhone 15,,72,0.692084
11/12/2023,iPhone 15,,73,0.721253
11/13/2023,iPhone 15,,74,0.604735
11/14/2023,iPhone 15,,75,0.616229
11/15/2023,iPhone 15,,76,0.62623
11/16/2023,iPhone 15,,77,0.620421
11/17/2023,iPhone 15,,78,0.623333
11/18/2023,iPhone 15,,79,0.732019
11/19/2023,iPhone 15,,80,0.722668
11/20/2023,iPhone 15,,81,0.627072
11/21/2023,iPhone 15,,82,0.670855
11/22/2023,iPhone 15,,83,0.680369
11/23/2023,iPhone 15,,84,0.685501
11/24/2023,iPhone 15,,85,0.722115
11/25/2023,iPhone 15,,86,0.801944
11/26/2023,iPhone 15,,87,0.78986
11/27/2023,iPhone 15,,88,0.654343
11/28/2023,iPhone 15,,89,0.726566
11/29/2023,iPhone 15,,90,0.730323
11/30/2023,iPhone 15,,91,0.750441
12/1/2023,iPhone 15,,92,0.533811
12/2/2023,iPhone 15,,93,0.57227
12/3/2023,iPhone 15,,94,0.607266
12/4/2023,iPhone 15,,95,0.547113
12/5/2023,iPhone 15,,96,0.576849
12/6/2023,iPhone 15,,97,0.562317
12/7/2023,iPhone 15,,98,0.568204
12/8/2023,iPhone 15,,99,0.573979
12/9/2023,iPhone 15,,100,0.65488
12/10/2023,iPhone 15,,101,0.651455
12/11/2023,iPhone 15,,102,0.535295
12/12/2023,iPhone 15,,103,0.639454
12/13/2023,iPhone 15,,104,0.585396
12/14/2023,iPhone 15,,105,0.601225
12/15/2023,iPhone 15,,106,0.596593
12/16/2023,iPhone 15,,107,0.681586
12/17/2023,iPhone 15,,108,0.703051
12/18/2023,iPhone 15,,109,0.588498
12/19/2023,iPhone 15,,110,0.687297
12/20/2023,iPhone 15,,111,0.652127
12/21/2023,iPhone 15,,112,0.637794
12/22/2023,iPhone 15,,113,0.627545
12/23/2023,iPhone 15,,114,0.707124
12/24/2023,iPhone 15,,115,0.764787
12/25/2023,iPhone 15,,116,0.661808
12/26/2023,iPhone 15,,117,0.667894
12/27/2023,iPhone 15,,118,0.680003
12/28/2023,iPhone 15,,119,0.700542
12/29/2023,iPhone 15,,120,0.694412
12/30/2023,iPhone 15,,121,0.752122
12/31/2023,iPhone 15,,122,0.701304
1/1/2024,iPhone 15,,123,0.257016
1/2/2024,iPhone 15,,124,0.270508
1/3/2024,iPhone 15,,125,0.272739
1/4/2024,iPhone 15,,126,0.28301
1/5/2024,iPhone 15,,127,0.287657
1/6/2024,iPhone 15,,128,0.307376
1/7/2024,iPhone 15,,129,0.320103
1/8/2024,iPhone 15,,130,0.272453
1/9/2024,iPhone 15,,131,0.290175
1/10/2024,iPhone 15,,132,0.300398
1/11/2024,iPhone 15,,133,0.290084
1/12/2024,iPhone 15,,134,0.298043
1/13/2024,iPhone 15,,135,0.351618
1/14/2024,iPhone 15,,136,0.338177
1/15/2024,iPhone 15,,137,0.294888
1/16/2024,iPhone 15,,138,0.296271
1/17/2024,iPhone 15,,139,0.311176
1/18/2024,iPhone 15,,140,0.316616
1/19/2024,iPhone 15,,141,0.32332
1/20/2024,iPhone 15,,142,0.352725
1/21/2024,iPhone 15,,143,0.352436
1/22/2024,iPhone 15,,144,0.311386
1/23/2024,iPhone 15,,145,0.340434
1/24/2024,iPhone 15,,146,0.311757
1/25/2024,iPhone 15,,147,0.320379
1/26/2024,iPhone 15,,148,0.322662
1/27/2024,iPhone 15,,149,0.363341
1/28/2024,iPhone 15,,150,0.373635
1/29/2024,iPhone 15,,151,0.331767
1/30/2024,iPhone 15,,152,0.361295
1/31/2024,iPhone 15,,153,0.346555
2/1/2024,iPhone 15,,154,0.306501
2/2/2024,iPhone 15,,155,0.310605
2/3/2024,iPhone 15,,156,0.338821
2/4/2024,iPhone 15,,157,0.341402
2/5/2024,iPhone 15,,158,0.312391
2/6/2024,iPhone 15,,159,0.321942
2/7/2024,iPhone 15,,160,0.321826
2/8/2024,iPhone 15,,161,0.337244
2/9/2024,iPhone 15,,162,0.332957
2/10/2024,iPhone 15,,163,0.379968
2/11/2024,iPhone 15,,164,0.353509
2/12/2024,iPhone 15,,165,0.328981
2/13/2024,iPhone 15,,166,0.355764
2/14/2024,iPhone 15,,167,0.342371
2/15/2024,iPhone 15,,168,0.340559
2/16/2024,iPhone 15,,169,0.35131
2/17/2024,iPhone 15,,170,0.376658
2/18/2024,iPhone 15,,171,0.40764
2/19/2024,iPhone 15,,172,0.345602
2/20/2024,iPhone 15,,173,0.368106
2/21/2024,iPhone 15,,174,0.373376
2/22/2024,iPhone 15,,175,0.37073
2/23/2024,iPhone 15,,176,0.387026
2/24/2024,iPhone 15,,177,0.418434
2/25/2024,iPhone 15,,178,0.441196
2/26/2024,iPhone 15,,179,0.376208
2/27/2024,iPhone 15,,180,0.387161
2/28/2024,iPhone 15,,181,0.390974
2/29/2024,iPhone 15,,182,0.401739
3/1/2024,iPhone 15,,183,0.332133
3/2/2024,iPhone 15,,184,0.357552
3/3/2024,iPhone 15,,185,0.365534
3/4/2024,iPhone 15,,186,0.316441
3/5/2024,iPhone 15,,187,0.358234
3/6/2024,iPhone 15,,188,0.359657
3/7/2024,iPhone 15,,189,0.364112
3/8/2024,iPhone 15,,190,0.37936
3/9/2024,iPhone 15,,191,0.390927
3/10/2024,iPhone 15,,192,0.4086
3/11/2024,iPhone 15,,193,0.337598
3/12/2024,iPhone 15,,194,0.372108
3/13/2024,iPhone 15,,195,0.370286
3/14/2024,iPhone 15,,196,0.364035
3/15/2024,iPhone 15,,197,0.396876
3/16/2024,iPhone 15,,198,0.418924
3/17/2024,iPhone 15,,199,0.436975
3/18/2024,iPhone 15,,200,0.399486
3/19/2024,iPhone 15,,201,0.398054
3/20/2024,iPhone 15,,202,0.407648
3/21/2024,iPhone 15,,203,0.44206
3/22/2024,iPhone 15,,204,0.423359
3/23/2024,iPhone 15,,205,0.438596
3/24/2024,iPhone 15,,206,0.453317
3/25/2024,iPhone 15,,207,0.432194
3/26/2024,iPhone 15,,208,0.423547
3/27/2024,iPhone 15,,209,0.408298
3/28/2024,iPhone 15,,210,0.414004
3/29/2024,iPhone 15,,211,0.424571
3/30/2024,iPhone 15,,212,0.498974
3/31/2024,iPhone 15,,213,0.48154
4/1/2024,iPhone 15,,214,0.242006
4/2/2024,iPhone 15,,215,0.251176
4/3/2024,iPhone 15,,216,0.257359
4/4/2024,iPhone 15,,217,0.253017
4/5/2024,iPhone 15,,218,0.249255
4/6/2024,iPhone 15,,219,0.302072
4/7/2024,iPhone 15,,220,0.29915
4/8/2024,iPhone 15,,221,0.241301
4/9/2024,iPhone 15,,222,0.270416
4/10/2024,iPhone 15,,223,0.280384
4/11/2024,iPhone 15,,224,0.271533
4/12/2024,iPhone 15,,225,0.272761
4/13/2024,iPhone 15,,226,0.308602
4/14/2024,iPhone 15,,227,0.320274
4/15/2024,iPhone 15,,228,0.267994
4/16/2024,iPhone 15,,229,0.310274
4/17/2024,iPhone 15,,230,0.29818
4/18/2024,iPhone 15,,231,0.288524
4/19/2024,iPhone 15,,232,0.302746
4/20/2024,iPhone 15,,233,0.33425
4/21/2024,iPhone 15,,234,0.331078
4/22/2024,iPhone 15,,235,0.285813
4/23/2024,iPhone 15,,236,0.299716
4/24/2024,iPhone 15,,237,0.300568
4/25/2024,iPhone 15,,238,0.320679
4/26/2024,iPhone 15,,239,0.311511
4/27/2024,iPhone 15,,240,0.353558
4/28/2024,iPhone 15,,241,0.356867
4/29/2024,iPhone 15,,242,0.310792
4/30/2024,iPhone 15,,243,0.322144
5/1/2024,iPhone 15,,244,0.254227
5/2/2024,iPhone 15,,245,0.26692
5/3/2024,iPhone 15,,246,0.250259
5/4/2024,iPhone 15,,247,0.308335
5/5/2024,iPhone 15,,248,0.295074
5/6/2024,iPhone 15,,249,0.255264
5/7/2024,iPhone 15,,250,0.268454
5/8/2024,iPhone 15,,251,0.265066
5/9/2024,iPhone 15,,252,0.28331
5/10/2024,iPhone 15,,253,0.28236
5/11/2024,iPhone 15,,254,0.311104
5/12/2024,iPhone 15,,255,0.311662
5/13/2024,iPhone 15,,256,0.281607
5/14/2024,iPhone 15,,257,0.291115
5/15/2024,iPhone 15,,258,0.295282
5/16/2024,iPhone 15,,259,0.306338
5/17/2024,iPhone 15,,260,0.307972
5/18/2024,iPhone 15,,261,0.330555
5/19/2024,iPhone 15,,262,0.322611
5/20/2024,iPhone 15,,263,0.302391
5/21/2024,iPhone 15,,264,0.29793
5/22/2024,iPhone 15,,265,0.321331
5/23/2024,iPhone 15,,266,0.319391
5/24/2024,iPhone 15,,267,0.318408
5/25/2024,iPhone 15,,268,0.334405
5/26/2024,iPhone 15,,269,0.366334
5/27/2024,iPhone 15,,270,0.323263
5/28/2024,iPhone 15,,271,0.332481
5/29/2024,iPhone 15,,272,0.315239
5/30/2024,iPhone 15,,273,0.345636
5/31/2024,iPhone 15,,274,0.337676
6/1/2024,iPhone 15,,275,0.351359
6/2/2024,iPhone 15,,276,0.339217
6/3/2024,iPhone 15,,277,0.305905
6/4/2024,iPhone 15,,278,0.330859
6/5/2024,iPhone 15,,279,0.3208
6/6/2024,iPhone 15,,280,0.345976
6/7/2024,iPhone 15,,281,0.323672
6/8/2024,iPhone 15,,282,0.375365
6/9/2024,iPhone 15,,283,0.378293
6/10/2024,iPhone 15,,284,0.316049
6/11/2024,iPhone 15,,285,0.34459
6/12/2024,iPhone 15,,286,0.34409
6/13/2024,iPhone 15,,287,0.365689
6/14/2024,iPhone 15,,288,0.363518
6/15/2024,iPhone 15,,289,0.39722
6/16/2024,iPhone 15,,290,0.395148
6/17/2024,iPhone 15,,291,0.334566
6/18/2024,iPhone 15,,292,0.365315
6/19/2024,iPhone 15,,293,0.388934
6/20/2024,iPhone 15,,294,0.364828
6/21/2024,iPhone 15,,295,0.379726
6/22/2024,iPhone 15,,296,0.432653
6/23/2024,iPhone 15,,297,0.410626
6/24/2024,iPhone 15,,298,0.383884
6/25/2024,iPhone 15,,299,0.411608
6/26/2024,iPhone 15,,300,0.398779
6/27/2024,iPhone 15,,301,0.405434
6/28/2024,iPhone 15,,302,0.402149
6/29/2024,iPhone 15,,303,0.446629
6/30/2024,iPhone 15,,304,0.441118
7/1/2024,iPhone 15,,305,0.288355
7/2/2024,iPhone 15,,306,0.316221
7/3/2024,iPhone 15,,307,0.301205
7/4/2024,iPhone 15,,308,0.318265
7/5/2024,iPhone 15,,309,0.301699
7/6/2024,iPhone 15,,310,0.342815
7/7/2024,iPhone 15,,311,0.348698
7/8/2024,iPhone 15,,312,0.293386
7/9/2024,iPhone 15,,313,0.312265
7/10/2024,iPhone 15,,314,0.330971
7/11/2024,iPhone 15,,315,0.32106
7/12/2024,iPhone 15,,316,0.337253
7/13/2024,iPhone 15,,317,0.397623
7/14/2024,iPhone 15,,318,0.351075
7/15/2024,iPhone 15,,319,0.335939
7/16/2024,iPhone 15,,320,0.359083
7/17/2024,iPhone 15,,321,0.347391
7/18/2024,iPhone 15,,322,0.345312
7/19/2024,iPhone 15,,323,0.337331
7/20/2024,iPhone 15,,324,0.398431
7/21/2024,iPhone 15,,325,0.406365
7/22/2024,iPhone 15,,326,0.343905
7/23/2024,iPhone 15,,327,0.370014
7/24/2024,iPhone 15,,328,0.370979
7/25/2024,iPhone 15,,329,0.368215
7/26/2024,iPhone 15,,330,0.377309
7/27/2024,iPhone 15,,331,0.417865
7/28/2024,iPhone 15,,332,0.425274
7/29/2024,iPhone 15,,333,0.365034
7/30/2024,iPhone 15,,334,0.39457
7/31/2024,iPhone 15,,335,0.396094
8/1/2024,iPhone 15,,336,0.301424
8/2/2024,iPhone 15,,337,0.317474
8/3/2024,iPhone 15,,338,0.360789
8/4/2024,iPhone 15,,339,0.361718
8/5/2024,iPhone 15,,340,0.317186
8/6/2024,iPhone 15,,341,0.347568
8/7/2024,iPhone 15,,342,0.327013
8/8/2024,iPhone 15,,343,0.316988
8/9/2024,iPhone 15,,344,0.364389
8/10/2024,iPhone 15,,345,0.386843
8/11/2024,iPhone 15,,346,0.375612
8/12/2024,iPhone 15,,347,0.33297
8/13/2024,iPhone 15,,348,0.363529
8/14/2024,iPhone 15,,349,0.350721
8/15/2024,iPhone 15,,350,0.365193
8/16/2024,iPhone 15,,351,0.379733
8/17/2024,iPhone 15,,352,0.388492
8/18/2024,iPhone 15,,353,0.4331
8/19/2024,iPhone 15,,354,0.361767
8/20/2024,iPhone 15,,355,0.370896
8/21/2024,iPhone 15,,356,0.395088
8/22/2024,iPhone 15,,357,0.396221
8/23/2024,iPhone 15,,358,0.384279
8/24/2024,iPhone 15,,359,0.433547
8/25/2024,iPhone 15,,360,0.420608
8/26/2024,iPhone 15,,361,0.399462
8/27/2024,iPhone 15,,362,0.408924
8/28/2024,iPhone 15,,363,0.405639
8/29/2024,iPhone 15,,364,0.417667
8/30/2024,iPhone 15,,365,0.410821
8/31/2024,iPhone 15,,366,0.452338
9/1/2024,iPhone 15,,367,0.143383
9/2/2024,iPhone 15,,368,0.129748
9/3/2024,iPhone 15,,369,0.136192
9/4/2024,iPhone 15,,370,0.137981
9/5/2024,iPhone 15,,371,0.146631
9/6/2024,iPhone 15,,372,0.146343
9/7/2024,iPhone 15,,373,0.153111
9/8/2024,iPhone 15,,374,0.157779
9/9/2024,iPhone 15,,375,0.141832
9/10/2024,iPhone 15,,376,0.203538
9/11/2024,iPhone 15,,377,0.194247
9/12/2024,iPhone 15,,378,0.196935
9/13/2024,iPhone 15,,379,0.200348
9/14/2024,iPhone 15,,380,0.220341
9/15/2024,iPhone 15,,381,0.220138
9/16/2024,iPhone 15,,382,0.197956
9/17/2024,iPhone 15,,383,0.197149
9/18/2024,iPhone 15,,384,0.202304
9/19/2024,iPhone 15,,385,0.216811
9/20/2024,iPhone 15,,386,0.216325
9/21/2024,iPhone 15,,387,0.170507
9/22/2024,iPhone 15,,388,0.184812
9/23/2024,iPhone 15,,389,0.16124
9/24/2024,iPhone 15,,390,0.167341
9/25/2024,iPhone 15,,391,0.173439
9/26/2024,iPhone 15,,392,0.164243
9/27/2024,iPhone 15,,393,0.17542
9/28/2024,iPhone 15,,394,0.198948
9/29/2024,iPhone 15,,395,0.197589
9/30/2024,iPhone 15,,396,0.167368
10/1/2024,iPhone 15,,397,0.157952
10/2/2024,iPhone 15,,398,0.156626
10/3/2024,iPhone 15,,399,0.155083
10/4/2024,iPhone 15,,400,0.160083
10/5/2024,iPhone 15,,401,0.187732
10/6/2024,iPhone 15,,402,0.17529
10/7/2024,iPhone 15,,403,0.154535
10/8/2024,iPhone 15,,404,0.164301
10/9/2024,iPhone 15,,405,0.173273
10/10/2024,iPhone 15,,406,0.170196
10/11/2024,iPhone 15,,407,0.167543
10/12/2024,iPhone 15,,408,0.201122
10/13/2024,iPhone 15,,409,0.187796
10/14/2024,iPhone 15,,410,0.165484
10/15/2024,iPhone 15,,411,0.174907
10/16/2024,iPhone 15,,412,0.172052
10/17/2024,iPhone 15,,413,0.169202
10/18/2024,iPhone 15,,414,0.18093
10/19/2024,iPhone 15,,415,0.191454
10/20/2024,iPhone 15,,416,0.194943
10/21/2024,iPhone 15,,417,0.176544
10/22/2024,iPhone 15,,418,0.185158
10/23/2024,iPhone 15,,419,0.196523
10/24/2024,iPhone 15,,420,0.188615
10/25/2024,iPhone 15,,421,0.18891
10/26/2024,iPhone 15,,422,0.2096
10/27/2024,iPhone 15,,423,0.21024
10/28/2024,iPhone 15,,424,0.185834
10/29/2024,iPhone 15,,425,0.198289
10/30/2024,iPhone 15,,426,0.199515
10/31/2024,iPhone 15,,427,0.202267
11/1/2024,iPhone 15,,428,0.169565
11/2/2024,iPhone 15,,429,0.187584
11/3/2024,iPhone 15,,430,0.186108
11/4/2024,iPhone 15,,431,0.17037
11/5/2024,iPhone 15,,432,0.172327
11/6/2024,iPhone 15,,433,0.171131
11/7/2024,iPhone 15,,434,0.184281
11/8/2024,iPhone 15,,435,0.183005
11/9/2024,iPhone 15,,436,0.197357
11/10/2024,iPhone 15,,437,0.202566
11/11/2024,iPhone 15,,438,0.181774
11/12/2024,iPhone 15,,439,0.188164
11/13/2024,iPhone 15,,440,0.182899
11/14/2024,iPhone 15,,441,0.19127
11/15/2024,iPhone 15,,442,0.195632
11/16/2024,iPhone 15,,443,0.21702
11/17/2024,iPhone 15,,444,0.214457
11/18/2024,iPhone 15,,445,0.187932
11/19/2024,iPhone 15,,446,0.200803
11/20/2024,iPhone 15,,447,0.205887
11/21/2024,iPhone 15,,448,0.203811
11/22/2024,iPhone 15,,449,0.202993
11/23/2024,iPhone 15,,450,0.233226
11/24/2024,iPhone 15,,451,0.222416
11/25/2024,iPhone 15,,452,0.204929
11/26/2024,iPhone 15,,453,0.213466
11/27/2024,iPhone 15,,454,0.21566
11/28/2024,iPhone 15,,455,0.220163
11/29/2024,iPhone 15,,456,0.226108
11/30/2024,iPhone 15,,457,0.243098
12/1/2024,iPhone 15,,458,0.209098
12/2/2024,iPhone 15,,459,0.186383
12/3/2024,iPhone 15,,460,0.202586
12/4/2024,iPhone 15,,461,0.199502
12/5/2024,iPhone 15,,462,0.20412
12/6/2024,iPhone 15,,463,0.201805
12/7/2024,iPhone 15,,464,0.235521
12/8/2024,iPhone 15,,465,0.230336
12/9/2024,iPhone 15,,466,0.205434
12/10/2024,iPhone 15,,467,0.215848
12/11/2024,iPhone 15,,468,0.210878
12/12/2024,iPhone 15,,469,0.209196
12/13/2024,iPhone 15,,470,0.215851
12/14/2024,iPhone 15,,471,0.242165
12/15/2024,iPhone 15,,472,0.240309
12/16/2024,iPhone 15,,473,0.201483
12/17/2024,iPhone 15,,474,0.22534
12/18/2024,iPhone 15,,475,0.235164
12/19/2024,iPhone 15,,476,0.243481
12/20/2024,iPhone 15,,477,0.222616
12/21/2024,iPhone 15,,478,0.262771
12/22/2024,iPhone 15,,479,0.256694
12/23/2024,iPhone 15,,480,0.230406
12/24/2024,iPhone 15,,481,0.237061
12/25/2024,iPhone 15,,482,0.239658
12/26/2024,iPhone 15,,483,0.231509
12/27/2024,iPhone 15,,484,0.239579
12/28/2024,iPhone 15,,485,0.282941
12/29/2024,iPhone 15,,486,0.271989
12/30/2024,iPhone 15,,487,0.240357
12/31/2024,iPhone 15,,488,0.266918
1/1/2025,iPhone 15,,489,0.111517
1/2/2025,iPhone 15,,490,0.110627
1/3/2025,iPhone 15,,491,0.118385
1/4/2025,iPhone 15,,492,0.131126
1/5/2025,iPhone 15,,493,0.123903
1/6/2025,iPhone 15,,494,0.110969
1/7/2025,iPhone 15,,495,0.118714
1/8/2025,iPhone 15,,496,0.121911
1/9/2025,iPhone 15,,497,0.120438
1/10/2025,iPhone 15,,498,0.115578
1/11/2025,iPhone 15,,499,0.134464
1/12/2025,iPhone 15,,500,0.134597
1/13/2025,iPhone 15,,501,0.120946
1/14/2025,iPhone 15,,502,0.126237
1/15/2025,iPhone 15,,503,0.129071
1/16/2025,iPhone 15,,504,0.128346
1/17/2025,iPhone 15,,505,0.129942
1/18/2025,iPhone 15,,506,0.146702
1/19/2025,iPhone 15,,507,0.145354
1/20/2025,iPhone 15,,508,0.124921
1/21/2025,iPhone 15,,509,0.143627
1/22/2025,iPhone 15,,510,0.138639
1/23/2025,iPhone 15,,511,0.138256
1/24/2025,iPhone 15,,512,0.144346
1/25/2025,iPhone 15,,513,0.156551
1/26/2025,iPhone 15,,514,0.146179
1/27/2025,iPhone 15,,515,0.137368
1/28/2025,iPhone 15,,516,0.145624
1/29/2025,iPhone 15,,517,0.146125
1/30/2025,iPhone 15,,518,0.151624
1/31/2025,iPhone 15,,519,0.149914
2/1/2025,iPhone 15,,520,0.145145
2/2/2025,iPhone 15,,521,0.142172
2/3/2025,iPhone 15,,522,0.131664
2/4/2025,iPhone 15,,523,0.139434
2/5/2025,iPhone 15,,524,0.139918
2/6/2025,iPhone 15,,525,0.138596
2/7/2025,iPhone 15,,526,0.148435
2/8/2025,iPhone 15,,527,0.154005
2/9/2025,iPhone 15,,528,0.157411
2/10/2025,iPhone 15,,529,0.131324
2/11/2025,iPhone 15,,530,0.146441
2/12/2025,iPhone 15,,531,0.14955
2/13/2025,iPhone 15,,532,0.15162
2/14/2025,iPhone 15,,533,0.159379
2/15/2025,iPhone 15,,534,0.167246
2/16/2025,iPhone 15,,535,0.165081
2/17/2025,iPhone 15,,536,0.141379
2/18/2025,iPhone 15,,537,0.161431
2/19/2025,iPhone 15,,538,0.160364
2/20/2025,iPhone 15,,539,0.162863
2/21/2025,iPhone 15,,540,0.17037
2/22/2025,iPhone 15,,541,0.170731
2/23/2025,iPhone 15,,542,0.175483
2/24/2025,iPhone 15,,543,0.163213
2/25/2025,iPhone 15,,544,0.174781
2/26/2025,iPhone 15,,545,0.173884
2/27/2025,iPhone 15,,546,0.182253
2/28/2025,iPhone 15,,547,0.171829
9/1/2024,iPhone 16,,1,0.379535
9/2/2024,iPhone 16,,2,0.359793
9/3/2024,iPhone 16,,3,0.346555
9/4/2024,iPhone 16,,4,0.355081
9/5/2024,iPhone 16,,5,0.38829
9/6/2024,iPhone 16,,6,0.35507
9/7/2024,iPhone 16,,7,0.38356
9/8/2024,iPhone 16,,8,0.421879
9/9/2024,iPhone 16,,9,0.358366
9/10/2024,iPhone 16,,10,0.524407
9/11/2024,iPhone 16,,11,0.498388
9/12/2024,iPhone 16,,12,0.517525
9/13/2024,iPhone 16,,13,0.533733
9/14/2024,iPhone 16,,14,0.572416
9/15/2024,iPhone 16,,15,0.563426
9/16/2024,iPhone 16,,16,0.509613
9/17/2024,iPhone 16,,17,0.543748
9/18/2024,iPhone 16,,18,0.534841
9/19/2024,iPhone 16,,19,0.523029
9/20/2024,iPhone 16,,20,0.551709
9/21/2024,iPhone 16,,21,0.470623
9/22/2024,iPhone 16,,22,0.489118
9/23/2024,iPhone 16,,23,0.400093
9/24/2024,iPhone 16,,24,0.443713
9/25/2024,iPhone 16,,25,0.46821
9/26/2024,iPhone 16,,26,0.454118
9/27/2024,iPhone 16,,27,0.449849
9/28/2024,iPhone 16,,28,0.50028
9/29/2024,iPhone 16,,29,0.511152
9/30/2024,iPhone 16,,30,0.423883
10/1/2024,iPhone 16,,31,0.381542
10/2/2024,iPhone 16,,32,0.413348
10/3/2024,iPhone 16,,33,0.402191
10/4/2024,iPhone 16,,34,0.410501
10/5/2024,iPhone 16,,35,0.45963
10/6/2024,iPhone 16,,36,0.462022
10/7/2024,iPhone 16,,37,0.406716
10/8/2024,iPhone 16,,38,0.432744
10/9/2024,iPhone 16,,39,0.428609
10/10/2024,iPhone 16,,40,0.440709
10/11/2024,iPhone 16,,41,0.427248
10/12/2024,iPhone 16,,42,0.471708
10/13/2024,iPhone 16,,43,0.48468
10/14/2024,iPhone 16,,44,0.430064
10/15/2024,iPhone 16,,45,0.429577
10/16/2024,iPhone 16,,46,0.474627
10/17/2024,iPhone 16,,47,0.470048
10/18/2024,iPhone 16,,48,0.478984
10/19/2024,iPhone 16,,49,0.535019
10/20/2024,iPhone 16,,50,0.533696
10/21/2024,iPhone 16,,51,0.454915
10/22/2024,iPhone 16,,52,0.486313
10/23/2024,iPhone 16,,53,0.498745
10/24/2024,iPhone 16,,54,0.514959
10/25/2024,iPhone 16,,55,0.49613
10/26/2024,iPhone 16,,56,0.533549
10/27/2024,iPhone 16,,57,0.55925
10/28/2024,iPhone 16,,58,0.505133
10/29/2024,iPhone 16,,59,0.499038
10/30/2024,iPhone 16,,60,0.509386
10/31/2024,iPhone 16,,61,0.535919
11/1/2024,iPhone 16,,62,0.431226
11/2/2024,iPhone 16,,63,0.500179
11/3/2024,iPhone 16,,64,0.490939
11/4/2024,iPhone 16,,65,0.427692
11/5/2024,iPhone 16,,66,0.464187
11/6/2024,iPhone 16,,67,0.462779
11/7/2024,iPhone 16,,68,0.460551
11/8/2024,iPhone 16,,69,0.460462
11/9/2024,iPhone 16,,70,0.529397
11/10/2024,iPhone 16,,71,0.50921
11/11/2024,iPhone 16,,72,0.470974
11/12/2024,iPhone 16,,73,0.499927
11/13/2024,iPhone 16,,74,0.502612
11/14/2024,iPhone 16,,75,0.50246
11/15/2024,iPhone 16,,76,0.508032
11/16/2024,iPhone 16,,77,0.554074
11/17/2024,iPhone 16,,78,0.545596
11/18/2024,iPhone 16,,79,0.510101
11/19/2024,iPhone 16,,80,0.53273
11/20/2024,iPhone 16,,81,0.503101
11/21/2024,iPhone 16,,82,0.525529
11/22/2024,iPhone 16,,83,0.54223
11/23/2024,iPhone 16,,84,0.587129
11/24/2024,iPhone 16,,85,0.624511
11/25/2024,iPhone 16,,86,0.513406
11/26/2024,iPhone 16,,87,0.545582
11/27/2024,iPhone 16,,88,0.542895
11/28/2024,iPhone 16,,89,0.594708
11/29/2024,iPhone 16,,90,0.591166
11/30/2024,iPhone 16,,91,0.604617
12/1/2024,iPhone 16,,92,0.543016
12/2/2024,iPhone 16,,93,0.468692
12/3/2024,iPhone 16,,94,0.500047
12/4/2024,iPhone 16,,95,0.512146
12/5/2024,iPhone 16,,96,0.552054
12/6/2024,iPhone 16,,97,0.518816
12/7/2024,iPhone 16,,98,0.570224
12/8/2024,iPhone 16,,99,0.583131
12/9/2024,iPhone 16,,100,0.517101
12/10/2024,iPhone 16,,101,0.528191
12/11/2024,iPhone 16,,102,0.549592
12/12/2024,iPhone 16,,103,0.566031
12/13/2024,iPhone 16,,104,0.592907
12/14/2024,iPhone 16,,105,0.652478
12/15/2024,iPhone 16,,106,0.616696
12/16/2024,iPhone 16,,107,0.570779
12/17/2024,iPhone 16,,108,0.613027
12/18/2024,iPhone 16,,109,0.598143
12/19/2024,iPhone 16,,110,0.579574
12/20/2024,iPhone 16,,111,0.612188
12/21/2024,iPhone 16,,112,0.682257
12/22/2024,iPhone 16,,113,0.673697
12/23/2024,iPhone 16,,114,0.614488
12/24/2024,iPhone 16,,115,0.593023
12/25/2024,iPhone 16,,116,0.648006
12/26/2024,iPhone 16,,117,0.621952
12/27/2024,iPhone 16,,118,0.665808
12/28/2024,iPhone 16,,119,0.678885
12/29/2024,iPhone 16,,120,0.703401
12/30/2024,iPhone 16,,121,0.636453
12/31/2024,iPhone 16,,122,0.688197
1/1/2025,iPhone 16,,123,0.295445
1/2/2025,iPhone 16,,124,0.297407
1/3/2025,iPhone 16,,125,0.304269
1/4/2025,iPhone 16,,126,0.323542
1/5/2025,iPhone 16,,127,0.335901
1/6/2025,iPhone 16,,128,0.279539
1/7/2025,iPhone 16,,129,0.29496
1/8/2025,iPhone 16,,130,0.311191
1/9/2025,iPhone 16,,131,0.303408
1/10/2025,iPhone 16,,132,0.321669
1/11/2025,iPhone 16,,133,0.34462
1/12/2025,iPhone 16,,134,0.345957
1/13/2025,iPhone 16,,135,0.31874
1/14/2025,iPhone 16,,136,0.335082
1/15/2025,iPhone 16,,137,0.335432
1/16/2025,iPhone 16,,138,0.342083
1/17/2025,iPhone 16,,139,0.335158
1/18/2025,iPhone 16,,140,0.366339
1/19/2025,iPhone 16,,141,0.376936
1/20/2025,iPhone 16,,142,0.338641
1/21/2025,iPhone 16,,143,0.340166
1/22/2025,iPhone 16,,144,0.38611
1/23/2025,iPhone 16,,145,0.370364
1/24/2025,iPhone 16,,146,0.385792
1/25/2025,iPhone 16,,147,0.401174
1/26/2025,iPhone 16,,148,0.420288
1/27/2025,iPhone 16,,149,0.350152
1/28/2025,iPhone 16,,150,0.379619
1/29/2025,iPhone 16,,151,0.371487
1/30/2025,iPhone 16,,152,0.382031
1/31/2025,iPhone 16,,153,0.373498
2/1/2025,iPhone 16,,154,0.373503
2/2/2025,iPhone 16,,155,0.386422
2/3/2025,iPhone 16,,156,0.327881
2/4/2025,iPhone 16,,157,0.351475
2/5/2025,iPhone 16,,158,0.340315
2/6/2025,iPhone 16,,159,0.35395
2/7/2025,iPhone 16,,160,0.344629
2/8/2025,iPhone 16,,161,0.425931
2/9/2025,iPhone 16,,162,0.417295
2/10/2025,iPhone 16,,163,0.363368
2/11/2025,iPhone 16,,164,0.382605
2/12/2025,iPhone 16,,165,0.402764
2/13/2025,iPhone 16,,166,0.399659
2/14/2025,iPhone 16,,167,0.391448
2/15/2025,iPhone 16,,168,0.436954
2/16/2025,iPhone 16,,169,0.442055
2/17/2025,iPhone 16,,170,0.379946
2/18/2025,iPhone 16,,171,0.40497
2/19/2025,iPhone 16,,172,0.415237
2/20/2025,iPhone 16,,173,0.419231
2/21/2025,iPhone 16,,174,0.440818
2/22/2025,iPhone 16,,175,0.493207
2/23/2025,iPhone 16,,176,0.489786
2/24/2025,iPhone 16,,177,0.419488
2/25/2025,iPhone 16,,178,0.451668
2/26/2025,iPhone 16,,179,0.435168
2/27/2025,iPhone 16,,180,0.428675
2/28/2025,iPhone 16,,181,0.45955
3/1/2025,iPhone 16,,182,0.398488
3/2/2025,iPhone 16,,183,0.398769
3/3/2025,iPhone 16,,184,0.350492
3/4/2025,iPhone 16,,185,0.378423
3/5/2025,iPhone 16,,186,0.39889
3/6/2025,iPhone 16,,187,0.401443
3/7/2025,iPhone 16,,188,0.397964
3/8/2025,iPhone 16,,189,0.41673
3/9/2025,iPhone 16,,190,0.438131
3/10/2025,iPhone 16,,191,0.397833
3/11/2025,iPhone 16,,192,0.410101
3/12/2025,iPhone 16,,193,0.408133
3/13/2025,iPhone 16,,194,0.405686
3/14/2025,iPhone 16,,195,0.399904
3/15/2025,iPhone 16,,196,0.479384
3/16/2025,iPhone 16,,197,0.480924
3/17/2025,iPhone 16,,198,0.40719
3/18/2025,iPhone 16,,199,0.45978
3/19/2025,iPhone 16,,200,0.423052
3/20/2025,iPhone 16,,201,0.452738
3/21/2025,iPhone 16,,202,0.441965
3/22/2025,iPhone 16,,203,0.487034
3/23/2025,iPhone 16,,204,0.512754
3/24/2025,iPhone 16,,205,0.433366
3/25/2025,iPhone 16,,206,0.453907
3/26/2025,iPhone 16,,207,0.458595
3/27/2025,iPhone 16,,208,0.457152
3/28/2025,iPhone 16,,209,0.454777
3/29/2025,iPhone 16,,210,0.525152
3/30/2025,iPhone 16,,211,0.530224
3/31/2025,iPhone 16,,212,0.452016
4/1/2025,iPhone 16,,213,0.291208
4/2/2025,iPhone 16,,214,0.275826
4/3/2025,iPhone 16,,215,0.288953
4/4/2025,iPhone 16,,216,0.291572
4/5/2025,iPhone 16,,217,0.337451
4/6/2025,iPhone 16,,218,0.333624
4/7/2025,iPhone 16,,219,0.281674
4/8/2025,iPhone 16,,220,0.305696
4/9/2025,iPhone 16,,221,0.315102
4/10/2025,iPhone 16,,222,0.308619
4/11/2025,iPhone 16,,223,0.304206
4/12/2025,iPhone 16,,224,0.341729
4/13/2025,iPhone 16,,225,0.343575
4/14/2025,iPhone 16,,226,0.315443
4/15/2025,iPhone 16,,227,0.322326
4/16/2025,iPhone 16,,228,0.33516
4/17/2025,iPhone 16,,229,0.324969
4/18/2025,iPhone 16,,230,0.340893
4/19/2025,iPhone 16,,231,0.379431
4/20/2025,iPhone 16,,232,0.379802
4/21/2025,iPhone 16,,233,0.332915
4/22/2025,iPhone 16,,234,0.35762
4/23/2025,iPhone 16,,235,0.36665
4/24/2025,iPhone 16,,236,0.3462
4/25/2025,iPhone 16,,237,0.346752
4/26/2025,iPhone 16,,238,0.405251
4/27/2025,iPhone 16,,239,0.405087
4/28/2025,iPhone 16,,240,0.35099
4/29/2025,iPhone 16,,241,0.37294
4/30/2025,iPhone 16,,242,0.380335
5/1/2025,iPhone 16,,243,0.280075
5/2/2025,iPhone 16,,244,0.282236
5/3/2025,iPhone 16,,245,0.328554
5/4/2025,iPhone 16,,246,0.354855
5/5/2025,iPhone 16,,247,0.292076
5/6/2025,iPhone 16,,248,0.297073
5/7/2025,iPhone 16,,249,0.313219
5/8/2025,iPhone 16,,250,0.311484
5/9/2025,iPhone 16,,251,0.320704
5/10/2025,iPhone 16,,252,0.369463
5/11/2025,iPhone 16,,253,0.36149
5/12/2025,iPhone 16,,254,0.301157
5/13/2025,iPhone 16,,255,0.329033
5/14/2025,iPhone 16,,256,0.339713
5/15/2025,iPhone 16,,257,0.337387
5/16/2025,iPhone 16,,258,0.350417
5/17/2025,iPhone 16,,259,0.359334
5/18/2025,iPhone 16,,260,0.3773
5/19/2025,iPhone 16,,261,0.32324
5/20/2025,iPhone 16,,262,0.34094
5/21/2025,iPhone 16,,263,0.344181
5/22/2025,iPhone 16,,264,0.348171
5/23/2025,iPhone 16,,265,0.366032
5/24/2025,iPhone 16,,266,0.388206
5/25/2025,iPhone 16,,267,0.414124
5/26/2025,iPhone 16,,268,0.35496
5/27/2025,iPhone 16,,269,0.379167
5/28/2025,iPhone 16,,270,0.388592
5/29/2025,iPhone 16,,271,0.378184
5/30/2025,iPhone 16,,272,0.396921
5/31/2025,iPhone 16,,273,0.42571
6/1/2025,iPhone 16,,274,0.390563
6/2/2025,iPhone 16,,275,0.348904
6/3/2025,iPhone 16,,276,0.359377
6/4/2025,iPhone 16,,277,0.37716
6/5/2025,iPhone 16,,278,0.383916
6/6/2025,iPhone 16,,279,0.385217
6/7/2025,iPhone 16,,280,0.40365
6/8/2025,iPhone 16,,281,0.405373
6/9/2025,iPhone 16,,282,0.374806
6/10/2025,iPhone 16,,283,0.397641
6/11/2025,iPhone 16,,284,0.389434
6/12/2025,iPhone 16,,285,0.413541
6/13/2025,iPhone 16,,286,0.400159
6/14/2025,iPhone 16,,287,0.434187
6/15/2025,iPhone 16,,288,0.467906
6/16/2025,iPhone 16,,289,0.406589
6/17/2025,iPhone 16,,290,0.44227
6/18/2025,iPhone 16,,291,0.430122
6/19/2025,iPhone 16,,292,0.409961
6/20/2025,iPhone 16,,293,0.432734
6/21/2025,iPhone 16,,294,0.481698
6/22/2025,iPhone 16,,295,0.496753
6/23/2025,iPhone 16,,296,0.434685
6/24/2025,iPhone 16,,297,0.461807
6/25/2025,iPhone 16,,298,0.437693
6/26/2025,iPhone 16,,299,0.431276
6/27/2025,iPhone 16,,300,0.489857
6/28/2025,iPhone 16,,301,0.527193
6/29/2025,iPhone 16,,302,0.523274
6/30/2025,iPhone 16,,303,0.432253
